start_sec;end_sec;speaker;text
0.000;19.760;SPEAKER_03;¿Qué pasa, Pizzarritas? No, no es viernes todavía, es jueves, pero como tenemos Jornada de Liga entre semana y mañana tenemos que dar las notas de la sexta Jornada de Liga, pues hemos dicho, vamos a adelantar el Q&A y así le damos a nuestros Pizzarritas la sensación de que ya se está acabando la semana.
19.760;25.880;SPEAKER_03;Todavía no ha acabado, queda un día, más o menos, pero vamos por el buen camino.
25.880;28.800;SPEAKER_03;Adrián Blanco, Alex de Llano, Nahuel Miranda, ¿qué tal chicos, cómo estáis?
29.000;31.000;SPEAKER_03;¿Qué tal chicos, muy buenas? ¿Jueves?
31.000;37.200;SPEAKER_02;Sí, algunos se equivocará de mañana no ir al colegio o a trabajar o a lo que sea.
37.200;40.200;SPEAKER_00;Es que los Pizzarritas me dijeron que era viernes.
40.200;54.800;SPEAKER_03;La verdad es que yo lo he intentado disfrazar, pero a ver mucha gente que el cuerpito, ¿sabes? Esto de casi memoria muscular, que a ti un contenido te sitúa en el día que es, claro, Q&A, día de viernes, mucha gente lo tomaba.
54.800;56.800;SPEAKER_00;Le pasó a Dwight en The Office.
56.800;58.800;SPEAKER_03;Mira.
58.800;60.800;SPEAKER_00;¡Epa!
60.800;62.800;SPEAKER_03;¡Empleado del mes!
62.800;70.800;SPEAKER_03;Claro, mucha gente que nos ve el Q&A en la comida del viernes ya cuando ha acabado de currar porque tiene jornada intensiva.
70.800;74.800;SPEAKER_03;Está con el picorcito ya en la comida.
74.800;79.800;SPEAKER_00;Se toma, se bebe un vasito de agua en la comida, pero le pide la comida.
79.800;81.800;SPEAKER_03;Son grupos de WhatsApp.
82.800;86.800;SPEAKER_03;Pero voy a hacer que no he escuchado nada, sobre todo de Alex de Llano.
86.800;88.800;SPEAKER_03;Yo no he dicho nada malo.
88.800;90.800;SPEAKER_03;Os recomendaría...
90.800;92.800;SPEAKER_03;Ha sido más Adri.
92.800;94.800;SPEAKER_03;Es el demonio, tío.
94.800;96.800;SPEAKER_00;Sí, sí, sí.
96.800;102.800;SPEAKER_03;Esto de unos se llevan la fama y otros cardan la lana, pues el que carda la lana siempre es Adrián Blanco.
102.800;104.800;SPEAKER_03;Adam Lalana, claro.
104.800;106.800;SPEAKER_03;Oye, ¿sabéis esto de...?
106.800;110.800;SPEAKER_02;Uno se lleva la fama y otros Adam Lalana, tío.
113.800;115.800;SPEAKER_03;A ver, ¿sabéis esto?
115.800;117.800;SPEAKER_03;Que tampoco quiero que lo aprendáis vosotros.
117.800;119.800;SPEAKER_03;O sea, podéis...
119.800;124.800;SPEAKER_03;Yo os voy a pedir en vez de cerrar los ojos, poneros las manos a los oídos, por favor.
124.800;125.800;SPEAKER_03;¿No escucháis?
125.800;126.800;SPEAKER_03;No, como Riquelme, no.
126.800;127.800;SPEAKER_03;¿No escucháis?
127.800;128.800;SPEAKER_03;¿No escucháis?
128.800;130.800;SPEAKER_03;Tengo el casco puesto.
130.800;132.800;SPEAKER_03;Quitaos los cascos, más fácil.
132.800;134.800;SPEAKER_02;Pásame las gafas que no te escucho.
136.800;144.800;SPEAKER_03;Existe una cosa que se llama Día de Asuntos Propios y yo creo que os lo podéis pedir mañana a Pizzarritas por aquello de que hoy hemos publicado el Q&A para no pasarlo mal y ya está.
144.800;146.800;SPEAKER_03;¿Ya os lo...
146.800;148.800;SPEAKER_03;¿Lo has escuchado?
148.800;150.800;SPEAKER_03;Bueno, esto no era para vosotros.
150.800;152.800;SPEAKER_03;No hemos escuchado nada.
152.800;154.800;SPEAKER_03;Vale, bien.
154.800;156.800;SPEAKER_03;Que así sea.
156.800;158.800;SPEAKER_03;Vamos con la primera cuestión.
158.800;160.800;SPEAKER_03;La verdad es que Nahuel fije muy bien la cara de...
160.800;162.800;SPEAKER_03;Te estoy escuchando.
162.800;164.800;SPEAKER_03;Sí, sí, sí.
164.800;166.800;SPEAKER_03;Nahuel finge en los Q&A.
166.800;168.800;SPEAKER_03;Quiero decir...
168.800;170.800;SPEAKER_03;A ver, finge.
170.800;172.800;SPEAKER_03;A ver.
172.800;174.800;SPEAKER_03;Hay Q&A donde no finge.
174.800;180.800;SPEAKER_02;El único fingimiento demostrado que hemos tenido en la historia de los Q&A fue el otro día que no sé qué...
180.800;184.800;SPEAKER_02;que Alessandria no se rió y no tenía ni idea de qué era.
184.800;186.800;SPEAKER_02;La Lenany, la Urs y...
186.800;188.800;SPEAKER_00;Correcto.
188.800;190.800;SPEAKER_00;Feísima.
190.800;192.800;SPEAKER_02;Pero porque yo me río de todo lo que he visto.
192.800;196.800;SPEAKER_00;Pero porque yo me río de todo lo que dicen mis compañeros porque los quiero y me hacen gracias.
196.800;202.800;SPEAKER_03;La verdad es que Aless está generando un buen rollo increíble.
202.800;204.800;SPEAKER_03;Es una pena que se tenga que marchar al final de temporada.
204.800;206.800;SPEAKER_03;Primera cuestión Santi ATM.
206.800;214.800;SPEAKER_03;Con la lesión de Gabi y los plazos que se especulan, que básicamente los ha aclarado el FC Barcelona en esta ocasión, cuatro o cinco meses,
214.800;221.800;SPEAKER_03;¿a quién llevaréis para sustituirle a la selección y a quién creéis que llevará Luis de la Fuente?
221.800;226.800;SPEAKER_03;Me decías antes, Nahuel, que realmente, claro, Gabi venía no estando.
226.800;228.800;SPEAKER_03;O sea, no es un fijo.
228.800;232.800;SPEAKER_03;Es un fijo para Luis de la Fuente, pero en la última, por ejemplo, no estuvo.
233.800;235.800;SPEAKER_02;Bueno, y no ha sido la única.
235.800;237.800;SPEAKER_02;Entonces, bueno, me agradeces a CEMEC.
237.800;239.800;SPEAKER_02;Está bastante caro ir en el centro del campo.
239.800;242.800;SPEAKER_02;Quién no va a tener problemas España en ese sentido.
242.800;244.800;SPEAKER_02;Claro, empezando...
244.800;247.800;SPEAKER_02;A ver, vamos a tirar por los seis que más suvenir, pero...
247.800;256.800;SPEAKER_02;Pero Zouhimendi, Rodri, Merino, Fabián, Pedri, Dani Olmo y más luego, algún añadido que...
256.800;257.800;SPEAKER_02;Fermín.
257.800;258.800;SPEAKER_02;Justo.
258.800;263.800;SPEAKER_02;Yo quiero ver porque tengo la sensación de que Vaina va a acabar jugando dentro, que si puede ir Vaina como diez.
264.800;265.800;SPEAKER_02;Claro, pero...
265.800;270.800;SPEAKER_02;Algo así, pero es que ha ido a solo una convocatoria desde la lesión.
270.800;274.800;SPEAKER_02;Fue a la fase final, a la semifinal y a la final de la Nations.
274.800;282.800;SPEAKER_03;Es verdad, es verdad que todavía no teníamos muy definido cómo iba a afectar a Gaby el cambio de Pedri, la propia lesión a nivel posicional, me refiero.
282.800;290.800;SPEAKER_03;Pero de esas cuentas que ha hecho Nahuel, realmente con esos siete está bastante bien escalonado todo.
290.800;296.800;SPEAKER_03;Es decir, Rodri, Zouhimendi para el medio centro, Fabián y Pedri sabiendo que pueden jugar juntos, insistimos.
296.800;303.800;SPEAKER_03;Pero para primer escalón y segundo escalón Olmo, Miquel Merino, que ahora parece quizás el más titular.
303.800;304.800;SPEAKER_03;Y Fermín.
304.800;307.800;SPEAKER_03;Dicho lo cual, si buscases...
307.800;315.800;SPEAKER_03;Claro, pero yo creo que Vaina lo ha venido metiendo o al menos creo que aparecían las convocatorias como atacante, por aquello utilizarlo en banda, como el recurso de Olmo y demás.
315.800;327.800;SPEAKER_03;Pero si buscas algo diferente a Fermín, para mí se abren dos nombres o una posibilidad con dos nombres que juegan más cerca de donde yo creo que debería jugar Gaby.
327.800;329.800;SPEAKER_03;Que es en el primer escalón.
329.800;332.800;SPEAKER_03;Que son Miquel Hauré Gízar y Pablo Barrios.
332.800;347.800;SPEAKER_03;Yo creo que son los indirectamente beneficiados de la lesión de Gaby, aunque como a Gaby había que hacerle espacio, el hecho de que se caiga no hace que haya una plaza, sino que hace que demos cada vez más a Fermín como indiscutible.
347.800;355.800;SPEAKER_01;Si, además en el caso de Barrios y de Hauré Gízar son dos futbolistas que juegan desde atrás hacia adelante.
355.800;362.800;SPEAKER_01;Es decir, que parten desde atrás, pero a los que hay que soltar, a los que no hay que anclar a la base de la jugada, sino que hay que darles bastante vuelo.
362.800;363.800;SPEAKER_01;Me parecería interesante.
363.800;368.800;SPEAKER_01;Dicho lo cual, yo creo que el cambio cromo por cromo que más rápido sale creo que es el de Fermín.
368.800;376.800;SPEAKER_01;Yo creo que para ese fútbolista intenso, llegador, con mucho colmillos la presión, ganador de duelos, etc.
376.800;380.800;SPEAKER_01;Yo creo que eso está ya ocupado con el cromo de Fermín.
380.800;393.800;SPEAKER_00;Sí, además, a mí me parece muy interesante lo de las dos opciones que se puedan abrir por el hecho de, obviamente, son dos futbolistas que estamos viendo en este inicio de temporada que están siendo de los mejores de sus equipos.
393.800;396.800;SPEAKER_00;La actuación de Pablo Barrios en Anfield.
396.800;399.800;SPEAKER_03;Lo explico rápidamente. Siempre he dicho que tenía algo en la mano.
399.800;403.800;SPEAKER_03;Normalmente es un boli y se me ha caído lo de arriba.
403.800;409.800;SPEAKER_03;Esto no pasaría nada, pero como ahora tengo un pequeñazo que se lleva toda la boca, pues no.
409.800;412.800;SPEAKER_02;Tú disimula escuchas muy bueno.
413.800;416.800;SPEAKER_00;Perdona que estabas diciendo Alex.
416.800;427.800;SPEAKER_00;No, simplemente decir que si ya están siendo los dos mejores de sus equipos, o prácticamente los mejores de sus equipos, tanto Pablo Barrios como Jaure Guisar, es verdad que ahora tienen dos parones de selecciones.
427.800;439.800;SPEAKER_00;No diría que es súper relevante de cara a lo que es el Mundial, porque ya lo vimos, por ejemplo, con Cucurella que entró a la Eurocopa, que no se fuera en anteriores convocatorias, por ejemplo, y luego fue clave.
439.800;442.800;SPEAKER_00;Pero sí que me parece que, obviamente, tiene que ser un punto de motivación más.
442.800;445.800;SPEAKER_00;Voy a currar para poder estar ahí.
445.800;447.800;SPEAKER_00;Pero hay una diferencia.
447.800;450.800;SPEAKER_00;De no haber estado y Pablo Barrios no había estado.
450.800;458.800;SPEAKER_03;Te diría que hay una diferencial con Cucurella. Cucurella era capitán general con Luis de la Fuente en la Sub-21. De la Fuente le ha dado mucha importancia a eso.
458.800;467.800;SPEAKER_03;No voy a decir que no les haya tenido, porque no lo sé, pero creo que ni a Barrios ni a Miquel Jaureguizar los ha tenido Luis de la Fuente.
467.800;470.800;SPEAKER_00;A Barrios lo llevó.
470.800;477.800;SPEAKER_03;Sí, pero digo en categorías inferiores. Cucurella llegó a ser el capitán de la España Sub-21 de Luis de la Fuente.
477.800;485.800;SPEAKER_03;Entonces, claro, yo creo, porque ha habido veces también donde ha tirado de Aleix García para la base.
485.800;491.800;SPEAKER_03;Pero yo creo que Jaureguizar y Barrios tienen nivel de selección, simple y llanamente.
491.800;494.800;SPEAKER_03;Está tan caro ahora que es complicado.
494.800;501.800;SPEAKER_03;Porque si Miquel Menino no hubiese ofrecio la versión por delante de línea de balón,
501.800;507.800;SPEAKER_03;pues Miquel Jaureguizar es un jugador de un perfil más o menos parecido que podría entrar si está mejor.
507.800;511.800;SPEAKER_03;Si Fabián Ruiz no hubiese explotado, podías pensar en Barrios.
511.800;521.800;SPEAKER_03;Pero es que ahora mismo los seis nombres que ha dicho Nahuel más Fermín, que es el que parece que está en cabeza del resto, son inamovibles.
521.800;523.800;SPEAKER_02;¿Puedo sacar el bisturí?
523.800;528.800;SPEAKER_02;Esto es para limpiar ordenadores, o sea, no es un bisturí. Ojalá lo fuera.
528.800;531.800;SPEAKER_02;Pero parece ahí un poquito entre bisturí y pluma estilográfica ahí un poco.
531.800;538.800;SPEAKER_02;Llevamos cinco minutos hablando de la media punta de la selección y nadie ha hablado de disco.
538.800;540.800;SPEAKER_02;Ya empezamos.
540.800;549.800;SPEAKER_02;Con la murga que otro hora nos ha supuesto este tema en este nuestro canal.
549.800;551.800;SPEAKER_03;¿Alguna reflexión al respecto?
551.800;555.800;SPEAKER_03;Hemos crecido y hemos madurado y disco se ha lesionado.
555.800;563.800;SPEAKER_00;A ver, pero que la tercera temporada, ¿no? Volverá, yo creo que finales de octubre volverá, ¿no?
563.800;566.800;SPEAKER_02;Yo siento que te he hecho de menos.
566.800;568.800;SPEAKER_01;Yo encontro otro nombre.
568.800;570.800;SPEAKER_01;¿Qué temazo?
570.800;574.800;SPEAKER_01;Si se abre el casting, además de Barrios y Jaureguizar, Javi Guerra.
574.800;576.800;SPEAKER_03;Está muy bien.
576.800;580.800;SPEAKER_03;Está muy bien. Lo que me parece es un perfil más difícil de integrar.
580.800;582.800;SPEAKER_03;Mi sensación.
582.800;589.800;SPEAKER_03;Predictor RM. Me gusta mucho esta pregunta. De hecho, la iba a lanzar hoy en el debate de la pizarra de Quintana.
589.800;593.800;SPEAKER_03;No he tenido tiempo al final, pero la lanzamos aquí.
593.800;601.800;SPEAKER_03;Pregunta. ¿Creéis que el título de Liga se decidirá cerca de los 100 puntos entre Real Madrid y Barça y ACOTA?
601.800;605.800;SPEAKER_03;O sea, pregunta e informa, Predictor RM, cosa que me gusta mucho.
605.800;615.800;SPEAKER_03;La última Liga en la que los dos sumaron tantos puntos y rozaron los 100 al mismo tiempo, explica de forma simultánea, es la 14-15 y aún así se quedaron lejos.
615.800;619.800;SPEAKER_03;Barça 94, Real Madrid 92.
619.800;625.800;SPEAKER_03;Yo tengo la sensación de que no sé si a 100, pero a más de 90 se va la cosa.
625.800;629.800;SPEAKER_00;El Madrid está en un ritmo de puntuación muy alto.
629.800;644.800;SPEAKER_00;A mí me da la sensación de que Xavi Alonso, que creo que siempre, o por lo menos en lo que lo hemos visto en élite, siempre ha dado mucha importancia a lo que es la Liga, a lo que es la regularidad, campeón invicto con el Bayern Leverkusen,
644.800;649.800;SPEAKER_00;cómo llega el Bayern Leverkusen cuando estaba en descenso y lo mete en competición europea.
649.800;660.800;SPEAKER_00;Pues el hecho de que el Real Madrid vaya ganando confianza en esos partidos, que vaya sacándolos adelante dentro de lo que es, obviamente, una motivación enorme para el Real Madrid, lo de levantar la Copa de Europa,
660.800;669.800;SPEAKER_00;pero teniendo en cuenta que la competición ligera es la que te da también esas sensaciones que acumuladas te pueden llevar a ganar un título europeo.
669.800;679.800;SPEAKER_00;Yo tengo la sensación de que, sobre todo, el equipo del que se podría dudar un poquito más de su regularidad en Liga, porque creo que el Basa, tenga el entrenador que tenga, siempre compite en el día a día,
679.800;687.800;SPEAKER_00;o sea, eso es una tradición que lo estamos viendo los últimos 10, 15, 20 años, sí que me parece que nos vamos a ir a puntuaciones elevadísimas precisamente,
687.800;693.800;SPEAKER_00;porque el Real Madrid este año parece que quiere ir a puntos muy altos, a una puntuación muy alta.
694.800;700.800;SPEAKER_01;Se tiene toda la pinta, además el equipo que está construyendo Xavi Alonso parece muy fiable en clave Liga,
700.800;709.800;SPEAKER_01;es decir, equipo controlador, al que cuesta hacer ocasiones, que arriba vive de las individualidades y tiene una muy enchufada y la otra parece que se empieza a conectar,
709.800;713.800;SPEAKER_01;que le va a permitir sacar muchos puntos de manera casi funcional real.
713.800;720.800;SPEAKER_01;Y en el caso del Barça, es que ya hemos visto como en las primeras jornadas de Liga y ahora cuando se ha empezado a enchufar, es que es un equipo con muchísimo gol,
720.800;724.800;SPEAKER_01;es que hace goles, cualquiera de repente aparece y sale de goles en un partido.
724.800;731.800;SPEAKER_03;El año pasado, el año pasado, cogemos, voy a hacer un ejercicio que va a poder sonar un poquito incoherente, pero creo que me lo vais a comprar,
731.800;742.800;SPEAKER_03;Real Madrid, un Real Madrid muy malo, al que criticábamos de septiembre a febrero, dimos dos meses y luego más de lo mismo, 84 puntos, son muchos puntos.
743.800;746.800;SPEAKER_03;El Barça... Jesús...
746.800;747.800;SPEAKER_03;El Barça...
747.800;750.800;SPEAKER_03;¡Es que soy Alessi con los datos!
750.800;751.800;SPEAKER_00;Esta vez has sido now.
751.800;753.800;SPEAKER_03;Soy Alessi con los datos.
753.800;761.800;SPEAKER_03;El Barça hizo 88, que siempre dijimos que el Barça había jugado mejor de lo que decía el puntaje.
761.800;765.800;SPEAKER_03;Yo estoy convencido de que este año igual nos gusta un poquito menos que el pasado,
765.800;772.800;SPEAKER_03;pero suma más puntos porque no tendrá ese sit novenber que casi se alargó a diciembre que le quitó tanta puntuación.
772.800;784.800;SPEAKER_03;Es que yo creo que lo tienen tan accesible, dar ese siguiente paso que creo que es muy probable y creo que eso va a hacer que los dos clásicos, los dos duelos directos, vayan a marcar mucho.
785.800;787.800;SPEAKER_02;A mí me parece muy complicado.
788.800;790.800;SPEAKER_02;Bueno, voy a empezar matizadera de la pregunta.
790.800;798.800;SPEAKER_02;Hombre, estamos hablando de una liga que se decía por encima de los 90, pero, hombre, 92, yo creo que estamos cerca de 90 que de 100.
798.800;800.800;SPEAKER_02;Eso es un poco suegreo.
800.800;803.800;SPEAKER_03;¿No decías que no te gustaban los datos?
803.800;804.800;SPEAKER_03;Claro.
804.800;805.800;SPEAKER_02;No, no, a ver...
805.800;807.800;SPEAKER_03;Nos estás dando datos.
807.800;808.800;SPEAKER_02;No, estos son factos.
808.800;812.800;SPEAKER_02;Oye, que he dicho que tengo alergia, pero no me gusten.
812.800;816.800;SPEAKER_02;Y en segunda instancia yo diría que...
816.800;818.800;SPEAKER_02;No, es como yo con el whisky.
818.800;820.800;SPEAKER_02;Siendo la temporada...
820.800;821.800;SPEAKER_02;Sí, justo, más o menos.
821.800;824.800;SPEAKER_02;A mi madre le pasa con el cangrejo, ¿vale? Nunca se lo regaléis.
824.800;825.800;SPEAKER_02;Y...
825.800;826.800;SPEAKER_02;A ver...
826.800;830.800;SPEAKER_00;Venía aquí ya un cangrejo para su madre.
830.800;832.800;SPEAKER_02;Me gustaría imaginar el contexto.
832.800;836.800;SPEAKER_02;Sí, mi madre como Homer Simpson, ¿no? Con la langosta.
836.800;837.800;SPEAKER_02;Tenacitas.
837.800;839.800;SPEAKER_00;¡Tenacitas!
839.800;841.800;SPEAKER_02;Bueno, ahora lo que voy.
841.800;844.800;SPEAKER_02;Me parece que la temporada es larguísima,
844.800;846.800;SPEAKER_02;que además estamos en año mundial.
846.800;847.800;SPEAKER_02;Eso es verdad.
847.800;850.800;SPEAKER_02;Y que para llegar a un final de temporada tan apretado
850.800;853.800;SPEAKER_02;tienen que llegar los dos sin descolgarse en ningún momento
853.800;855.800;SPEAKER_02;y mantener este nivel.
855.800;856.800;SPEAKER_02;A mí me parece complicado.
856.800;860.800;SPEAKER_02;Lo digo porque el Madrid 23-24 hace 95 puntos.
860.800;863.800;SPEAKER_02;Pero es que el Barça no está en ningún momento.
863.800;865.800;SPEAKER_02;Es la liga que le gana el Real Madrid.
865.800;869.800;SPEAKER_03;Se necesitan los dos para llegar a 100, porque si no uno...
869.800;873.800;SPEAKER_02;Entonces, yo creo que habéis sido los tres muy optimistas
873.800;878.800;SPEAKER_02;con algo que realmente es difícil de ver a nivel estadístico.
878.800;880.800;SPEAKER_02;Ha pasado muy pocas veces
880.800;884.800;SPEAKER_02;y Real Madrid y Barça tienen todos los años inicios potentes.
884.800;888.800;SPEAKER_02;Mucho más difícil es pronosticar cuántos va a hacer el Atletico de Madrid.
888.800;891.800;SPEAKER_03;¡Buah! Ya ves. Es así que es difícil.
891.800;892.800;SPEAKER_03;Cuidado.
892.800;895.800;SPEAKER_03;Te decía que hemos sido optimistas.
895.800;898.800;SPEAKER_03;A mí, persé, no me gusta que una liga se juegue a 100 puntos.
898.800;903.800;SPEAKER_03;Porque es una superioridad muy manifiesta.
903.800;907.800;SPEAKER_03;Pero sí que es verdad que creo que va a ser un duelo bonito.
907.800;910.800;SPEAKER_03;Porque es que los últimos años siempre decíamos en Dazón, Alex,
910.800;914.800;SPEAKER_03;que desde que comentamos partidos en Dazón, con el post, con los comentarios,
914.800;916.800;SPEAKER_03;es que no ha habido una liga apretada hasta el final.
916.800;922.800;SPEAKER_03;Es que se ha ido ganando con bastante contundencia demasiado pronto.
922.800;923.800;SPEAKER_03;Y es una pena.
923.800;926.800;SPEAKER_03;Nos lo pasamos muy bien con la permanencia, con Europa,
926.800;927.800;SPEAKER_03;en las últimas jornadas.
927.800;929.800;SPEAKER_03;Pero, hombre, vamos a ver.
929.800;934.800;SPEAKER_00;Yo, Miguel, también te diré que como yo comento generalmente permanencia,
934.800;940.800;SPEAKER_00;equipos de abajo, a mí me viene bien que las permanencias sean...
940.800;945.800;SPEAKER_03;Oye, que mi próximo viernes es un Osasuna-Gétafe
945.800;947.800;SPEAKER_03;con Don Javier Casquero y Fran Guillén,
947.800;949.800;SPEAKER_03;lo cual, de verdad, me parece el partido de la semana.
949.800;950.800;SPEAKER_03;¿Dolo por Europa?
950.800;951.800;SPEAKER_01;¿Qué partido?
951.800;953.800;SPEAKER_01;Claro, Dolo por Europa.
953.800;955.800;SPEAKER_02;Ahora que decís lo del Atlético de Madrid,
955.800;959.800;SPEAKER_02;que ya ha empatado tres partidos y ha perdido dos,
959.800;961.800;SPEAKER_02;contando con la derrota contra el Rayo de Baiganos...
961.800;963.800;SPEAKER_02;No, esto es broma. Creo que va a ganar el Atlético contra el Rayo.
963.800;967.800;SPEAKER_02;Con tres empates es una derrota que lleva al momento de la grabación
967.800;969.800;SPEAKER_02;de este, nuestro querido, cubanay semanal.
969.800;974.800;SPEAKER_02;Precisamente, el Real Madrid 23-24, 95 puntos.
974.800;975.800;SPEAKER_02;Es que empata a 8 y pierde 1.
975.800;978.800;SPEAKER_02;Que está 5 empates de decir adiós.
978.800;981.800;SPEAKER_02;Lo cual da bastante vértigo.
981.800;985.800;SPEAKER_02;Bueno, a ver, es que, qué decir, esta semana para Atlético de Madrid
985.800;988.800;SPEAKER_03;no sabemos qué ha pasado en el derbi maileño,
988.800;991.800;SPEAKER_03;en el primero, no sabemos qué pasará en el segundo,
991.800;996.800;SPEAKER_03;pero, a ver, hay bastantes probabilidades
996.800;999.800;SPEAKER_03;de que Atlético de Madrid se descuelgue, definitivamente.
999.800;1003.800;SPEAKER_03;Esa es la realidad, no nos podemos hacer trampas al solitario.
1003.800;1007.800;SPEAKER_03;Tercera cuestión, me ha gustado esta pregunta
1007.800;1014.800;SPEAKER_03;porque más creo que está formulada con respeto para todas las partes.
1014.800;1019.800;SPEAKER_03;Es de David Villar, dice, más allá de que no se puedan negar,
1019.800;1021.800;SPEAKER_03;esto es en el caso de los clubes españoles,
1021.800;1023.800;SPEAKER_03;los clubes de fuera de España si se pueden negar,
1023.800;1027.800;SPEAKER_03;¿les merecerá la pena a los convocados para el Mundial Sub 20
1027.800;1030.800;SPEAKER_03;que tienen hueco en sus clubes perderse 3 o 4 jornadas de liga
1030.800;1031.800;SPEAKER_03;por esta competición?
1031.800;1036.800;SPEAKER_03;Y claro, menciona casos como Rodri Mendoza, que es titular en el Elche,
1036.800;1040.800;SPEAKER_03;Joel Roca, que también diría que es titular en el Girona,
1040.800;1042.800;SPEAKER_03;Adrián Liso, titular en el Getafe, John Martín,
1042.800;1046.800;SPEAKER_03;que estaba ahí entre titular, suplente y demás,
1046.800;1049.800;SPEAKER_03;Jan Virgíri, que muy buena pinta,
1049.800;1051.800;SPEAKER_03;Pablo García, muy buena pinta.
1051.800;1052.800;SPEAKER_03;¿Qué os parece esto?
1052.800;1057.800;SPEAKER_03;Porque yo como reflexión me sumo a lo que dijo Marcelino Garciatora
1057.800;1059.800;SPEAKER_03;en la previa del partido ante el Sevilla,
1059.800;1062.800;SPEAKER_03;diciendo un poquito lo que ya comentamos en su día con Luis Suárez
1062.800;1065.800;SPEAKER_03;cuando comentamos el caso de la Almería Colombia y demás.
1065.800;1070.800;SPEAKER_03;Decía Marcelino que desde hace tiempo saben que hay Mundial Sub 20
1070.800;1071.800;SPEAKER_03;en estas fechas.
1071.800;1076.800;SPEAKER_03;Entonces que no se pueden quejar ni por la planificación ni por la decisión
1076.800;1078.800;SPEAKER_03;y que están contentos por el futbolista
1078.800;1081.800;SPEAKER_03;porque para el futbolista es una gran experiencia que le va a ayudar a crecer.
1081.800;1083.800;SPEAKER_03;Entonces yo firmo debajo de lo que dijo Marcelino.
1083.800;1086.800;SPEAKER_02;Pero David se refiere a si le compensa al futbolista como tal.
1086.800;1088.800;SPEAKER_02;Y yo creo que también.
1088.800;1090.800;SPEAKER_02;Es que yo creo que es más claro,
1090.800;1093.800;SPEAKER_03;o sea que hay menos debate con el jugador que con el equipo.
1093.800;1094.800;SPEAKER_02;Bueno, depende.
1094.800;1099.800;SPEAKER_02;Porque si eres, bueno, en su día el Real Madrid no le dejó ir a Álvaro Rodríguez.
1099.800;1102.800;SPEAKER_02;Justo cuando sale contra Osasuna y genera una acción de gol,
1102.800;1104.800;SPEAKER_02;cuando tiene el gol en Copa contra el Atlético de Madrid,
1104.800;1107.800;SPEAKER_02;ostras, que igual pierdo el carro del Real Madrid.
1107.800;1110.800;SPEAKER_03;¿Quién va en Uruguay Sub 20 en este Mundial?
1110.800;1111.800;SPEAKER_03;¡Buuu!
1111.800;1114.800;SPEAKER_02;Va Carlos y también va Elena.
1114.800;1115.800;SPEAKER_02;¡Misto!
1115.800;1120.800;SPEAKER_02;Por no hablar de Gustavo también, que es la gran estrella de esta camada.
1120.800;1124.800;SPEAKER_02;Dicho esto, es que creo que te da caché como futbolista.
1124.800;1126.800;SPEAKER_02;Primero ser internacional como tal.
1126.800;1129.800;SPEAKER_02;Y si luego además tienes suerte de caer en un buen equipo
1129.800;1133.800;SPEAKER_02;y jugar bien y lucirte, te da muchísimo caché.
1133.800;1136.800;SPEAKER_02;Más que jugar tres o cuatro jornadas de liga,
1136.800;1139.800;SPEAKER_02;que si todo va bien, vas a volver a jugar.
1139.800;1142.800;SPEAKER_02;Aunque puedas perder un poquito el tren.
1142.800;1145.800;SPEAKER_02;Aunque por ejemplo el caso de Joel Roca, que estaba siendo muy titular,
1145.800;1147.800;SPEAKER_02;igual vuelve Ibrahim Gires titularista.
1147.800;1151.800;SPEAKER_02;Pero nada te dice que si sigues en Girona estas tres o cuatro semanas,
1151.800;1153.800;SPEAKER_02;vaya a pasar lo contrario.
1153.800;1157.800;SPEAKER_02;Así que oye, que se vayan y que disfruten y que intenten ganar.
1157.800;1160.800;SPEAKER_02;El Mundial Sub 20 va moviéndose de fechas ¿no?
1160.800;1163.800;SPEAKER_00;El último fue de mayo a junio.
1163.800;1165.800;SPEAKER_00;Bueno sí, yo me acuerdo el primer…
1165.800;1169.800;SPEAKER_00;Y el de Serbia fue también en verano más o menos.
1169.800;1173.800;SPEAKER_00;Es que Alex, yo recuerdo que en el Mundial Sub 20,
1173.800;1176.800;SPEAKER_00;que gana la España de Casillas y Xavi Hernández,
1176.800;1179.800;SPEAKER_03;que en teoría ahí nace también su amistad,
1179.800;1182.800;SPEAKER_03;es en primavera, es el año 99, sí,
1182.800;1185.800;SPEAKER_03;y es la España que gana el Sub 20,
1185.800;1188.800;SPEAKER_03;creo que es contra Nigeria en penaltis.
1188.800;1191.800;SPEAKER_03;Sí, creo que es en penaltis en España.
1191.800;1194.800;SPEAKER_03;Primavera seguro.
1194.800;1197.800;SPEAKER_03;¿Qué es lo que más te gusta de España?
1197.800;1200.800;SPEAKER_03;La gente que se ve en el Mundial Sub 20,
1200.800;1203.800;SPEAKER_02;que se fue la… Primavera seguro.
1203.800;1206.800;SPEAKER_02;Me ha tirado un triple porque no me da tiempo a comprobarlo,
1206.800;1209.800;SPEAKER_02;pero puede ser que el COVID
1209.800;1212.800;SPEAKER_02;haya trastocado un poco el tema del calendario.
1212.800;1215.800;SPEAKER_00;Pues puede ser. Este era el 2023, el último.
1215.800;1218.800;SPEAKER_02;No, pero en 2021 se tenía que haber jugado uno,
1218.800;1221.800;SPEAKER_02;que no se jugó, igual aprovecharon eso para cambiar las fechas.
1221.800;1224.800;SPEAKER_02;Puede ser. Insisto que es un triple
1224.800;1227.800;SPEAKER_01;y molaría que en los comentarios lo comprobaran.
1227.800;1230.800;SPEAKER_01;¿El de Mundial Sub 20? ¿El de COVID?
1230.800;1233.800;SPEAKER_02;No, no, el de Kangin es anterior.
1233.800;1236.800;SPEAKER_00;El de Kangin es el del 19. El del 19.
1236.800;1239.800;SPEAKER_00;El último es el de, precisamente, Uruguay.
1239.800;1242.800;SPEAKER_02;Vale. ¿Cómo quedó España en ese Mundial?
1242.800;1245.800;SPEAKER_00;No lo sé, porque es justo lo que voy a decir,
1245.800;1248.800;SPEAKER_00;que España no es un país de Mundial Sub 20.
1248.800;1251.800;SPEAKER_00;O sea, sí que, por ejemplo, lo alucinamos…
1251.800;1254.800;SPEAKER_02;No es mundial, es en cenidal.
1254.800;1257.800;SPEAKER_00;No, no, no. No, no, no.
1257.800;1260.800;SPEAKER_00;Somos de mundiales en color, en HD.
1260.800;1263.800;SPEAKER_02;Sí, sí, en Qatar muy bien.
1263.800;1266.800;SPEAKER_02;Oye, en Rusia, en Brasil…
1266.800;1269.800;SPEAKER_02;No sé. Muy bien, ¿eh?
1269.800;1272.800;SPEAKER_00;Si digo… Si digo Ghana, ¿eh, Nawel?
1272.800;1275.800;SPEAKER_00;Si digo Ghana… Al equipo que ha salido dos veces
1275.800;1278.800;SPEAKER_03;contra Uruguay en los mundiales. ¿Sabes a quién ganó Ghana
1278.800;1281.800;SPEAKER_03;en cuanto al final del Mundial Sub 20?
1281.800;1284.800;SPEAKER_03;España de 1999. He visto el 11, por cierto.
1284.800;1287.800;SPEAKER_03;Claro, he hecho yo Xavi e Iker, porque son los más reconocibles.
1287.800;1290.800;SPEAKER_03;E Iker es clave en esa tanda de penaltis,
1290.800;1293.800;SPEAKER_03;pero es el balón de oro de Pablo Coguñago.
1293.800;1296.800;SPEAKER_03;Ostras, cierto, sí. Que es una de esas historias
1296.800;1299.800;SPEAKER_03;que, bueno, en su diario pasamos de categorías Sub 20, 21
1299.800;1302.800;SPEAKER_03;que no llegan a ir. Está Daniel Enzubía,
1302.800;1305.800;SPEAKER_03;están jugadores como Barquero, Gabri,
1305.800;1308.800;SPEAKER_03;está Varela, está Pablo Urbaez, Carlos Marchena.
1308.800;1311.800;SPEAKER_03;En el banquillo está Colsa, está Fran Yeste,
1311.800;1314.800;SPEAKER_03;está David Zaganzo y es la selección de Iñaki Saez,
1314.800;1317.800;SPEAKER_03;que antiguamente era antes de subir a la selección absoluta
1317.800;1320.800;SPEAKER_00;y pegarla. Era como el… Era el tótem.
1320.800;1323.800;SPEAKER_00;El gurú. A ver,
1323.800;1326.800;SPEAKER_00;nuestra generación sí que tiene el Mundial Sub 17 de Bojan,
1326.800;1329.800;SPEAKER_00;que es el que se pierde la final,
1329.800;1332.800;SPEAKER_00;porque le expulsan, ¿no?, en la semi.
1332.800;1335.800;SPEAKER_00;No sé si me acuerdo.
1335.800;1338.800;SPEAKER_01;Sí, porque lo dio la sexta, además,
1338.800;1341.800;SPEAKER_00;yo creo que lo vimos todos.
1341.800;1344.800;SPEAKER_00;Pero es verdad que en España nunca hemos sido mucho
1344.800;1347.800;SPEAKER_00;en Mundial Sub 20. De hecho, yo recuerdo que, creo, nos elimina Uruguay en uno, ¿no?
1347.800;1350.800;SPEAKER_00;Sí. Que era el de Paco Alcácer. 2013.
1350.800;1353.800;SPEAKER_00;Sí, el de Francia. Cristóforo, el de Cristóforo,
1353.800;1356.800;SPEAKER_02;Ancómpagno. Sí, el de Uruguay en la final, te refieres.
1356.800;1359.800;SPEAKER_00;Contra Francia, ¿no? Que no le podías discuser.
1359.800;1362.800;SPEAKER_02;Sí, el de Felipe Abenati en la prórroga, sí, sí.
1362.800;1365.800;SPEAKER_03;Pero no sé si se selecciona ahí. Laxal, ¿no? Laxal...
1365.800;1368.800;SPEAKER_03;Dicho lo cual, por retomar el tema,
1368.800;1371.800;SPEAKER_03;que yo he sido el primero que me he ido,
1371.800;1374.800;SPEAKER_03;¿estáis de acuerdo con Nahuel de que al jugador le da
1374.800;1377.800;SPEAKER_03;y que tampoco pierde tanto hueco? Yo estoy de acuerdo, ¿eh?
1377.800;1380.800;SPEAKER_01;A mí empecé positivísimo. Yo creo que sí. A ver, sí,
1380.800;1383.800;SPEAKER_01;estoy de acuerdo, porque, oye,
1383.800;1386.800;SPEAKER_01;también es una manera de elaborarte un camino en las categorías
1386.800;1389.800;SPEAKER_01;inferiores y que esto te permita luego
1389.800;1392.800;SPEAKER_01;a la selección azul. Pero, chicos...
1392.800;1395.800;SPEAKER_01;Y cierro Alex. Es verdad que,
1395.800;1398.800;SPEAKER_01;por ejemplo, Jambir Jili viene a hacer una gran segunda parte
1398.800;1401.800;SPEAKER_01;de Atlético Madrid justo en ese momento.
1401.800;1404.800;SPEAKER_01;No sé, si de repente ahora Iagova encuentra
1404.800;1407.800;SPEAKER_01;otra pieza que le acopla más, en un mes
1407.800;1410.800;SPEAKER_01;ya a Jambir Jili le toca empezar a hacer... ¡Dani Rodríguez!
1410.800;1413.800;SPEAKER_02;Es verdad que le han fichado cuatro...
1413.800;1416.800;SPEAKER_02;¡Increíble! ¡Has hecho tú!
1416.800;1419.800;SPEAKER_02;La generación anterior de España sub 20.
1419.800;1422.800;SPEAKER_02;Ya estabas metiendo. Para mí, chicos,
1422.800;1425.800;SPEAKER_00;el tema es que, tal y como está hecho
1425.800;1428.800;SPEAKER_00;el tema de las categorías inferiores en Europa,
1428.800;1431.800;SPEAKER_00;el Mundial sub 20 creo que
1431.800;1434.800;SPEAKER_00;forma un poco de Frankenstein. Quiero decir, en África
1434.800;1437.800;SPEAKER_00;es el africano sub 20 y luego el mundial sub 20.
1437.800;1440.800;SPEAKER_00;En Sudamérica, sudamericano sub 20, mundial sub 20,
1440.800;1443.800;SPEAKER_00;con Kakao sub 20, tal. En Europa, que es
1443.800;1446.800;SPEAKER_00;sub 21, sub 19, sub 17, creo que lo lía
1446.800;1449.800;SPEAKER_00;todo demasiado. Por eso, el tema de hacerse fuerte
1449.800;1452.800;SPEAKER_00;en las categorías inferiores de la selección española,
1452.800;1455.800;SPEAKER_00;no sé cuánto peso puede tener para un jugador hacer un buen
1455.800;1458.800;SPEAKER_00;Mundial sub 20, si luego en la sub 21 se va a encontrar
1458.800;1461.800;SPEAKER_00;con algo que choque. Me lo imagino, por ejemplo,
1461.800;1464.800;SPEAKER_00;con Adrián Liso. Pongamos Adrián Liso, que es real,
1464.800;1467.800;SPEAKER_00;no sé quién es el delantero titular de esta selección sub 20
1467.800;1470.800;SPEAKER_00;ahora mismo, pero pongamos que es Adrián Liso.
1470.800;1473.800;SPEAKER_00;¿Puede dar el puesto de titular de la selección sub 21
1473.800;1476.800;SPEAKER_00;a Gonzalo? Pongamos.
1476.800;1479.800;SPEAKER_00;O a Roberto Fernández. Me parece complejo.
1479.800;1482.800;SPEAKER_03;Yo más que verlo como una escalera dentro de la selección,
1482.800;1485.800;SPEAKER_03;que es verdad que es complejo, salvo gran explosión,
1485.800;1488.800;SPEAKER_03;yo lo que creo es que es una experiencia positiva para el futbolista.
1488.800;1491.800;SPEAKER_03;Eso desde luego. Al final, las personas
1491.800;1494.800;SPEAKER_03;a nivel también profesional, somos una suma de
1494.800;1497.800;SPEAKER_03;experiencias y creo que esta es
1497.800;1500.800;SPEAKER_03;positiva desde la victoria y desde la derrota.
1500.800;1503.800;SPEAKER_02;Aquí no lo veis, pero pone Mister Wonderful.
1503.800;1506.800;SPEAKER_03;Odio Mister Wonderful,
1506.800;1509.800;SPEAKER_03;pero a ver.
1509.800;1512.800;SPEAKER_00;Desde que Miguel es padre.
1512.800;1515.800;SPEAKER_03;Es que he visto la cara bonita de la vida.
1515.800;1518.800;SPEAKER_03;Ayer viví un momentín muy bonito porque
1518.800;1521.800;SPEAKER_03;ayer sabéis que mi día fue intensito
1521.800;1524.800;SPEAKER_03;y tenía para llevar al niño a la piscina.
1524.800;1527.800;SPEAKER_03;Y vino a casa, estuvo cinco minutos,
1527.800;1530.800;SPEAKER_03;me lo bajé y no quería meterse en el coche porque quería ir
1530.800;1533.800;SPEAKER_03;a la guardería, que le gusta, pero el concepto
1533.800;1536.800;SPEAKER_03;volver a la guardería, pues ni puta gracia.
1536.800;1539.800;SPEAKER_03;Llorando, pataletas, como una mañana cualquiera
1539.800;1542.800;SPEAKER_03;con vosotros. Entonces le meto en el coche,
1542.800;1545.800;SPEAKER_03;sigue llorando, me pongo a cantarle canciones,
1545.800;1548.800;SPEAKER_03;ya no voy a cantar más aquí.
1548.800;1551.800;SPEAKER_03;Ese chico de...
1551.800;1554.800;SPEAKER_00;Va a llorar a muerte.
1554.800;1557.800;SPEAKER_03;Llorando a muerte. Llorando a muerte.
1557.800;1560.800;SPEAKER_03;Llego al gimnasio donde está la piscina.
1560.800;1563.800;SPEAKER_03;Le tengo que cambiar, me tengo que cambiar a mí.
1563.800;1566.800;SPEAKER_03;Todavía no anda así que es muy complicado.
1566.800;1569.800;SPEAKER_03;No, no, no. Increíble.
1569.800;1572.800;SPEAKER_03;Increíble cipote. Pero fue meternos en la piscina.
1572.800;1575.800;SPEAKER_02;No, no.
1575.800;1578.800;SPEAKER_02;Y mucho lío también ¿no?
1578.800;1581.800;SPEAKER_??;¡Ah!
1581.800;1584.800;SPEAKER_00;¡Ah!
1584.800;1587.800;SPEAKER_00;Hugo Quintana, chaval.
1587.800;1590.800;SPEAKER_00;Te ando a portar del Hugo Quintana y vamos.
1590.800;1593.800;SPEAKER_02;¡Oye! ¡Que es un niño de 14 meses!
1593.800;1596.800;SPEAKER_02;Ya, ya, pero no va a escuchar esto hasta que sea mayor de la mierda.
1596.800;1599.800;SPEAKER_03;Ya verás cuando lo vea.
1599.800;1602.800;SPEAKER_03;Era una historia bonita.
1602.800;1605.800;SPEAKER_03;Media hora intensa de lloros y quejas y fue meternos en la piscina.
1605.800;1608.800;SPEAKER_03;Empezó a jugar con los otros niños y sacó unas sonrisitas
1608.800;1611.800;SPEAKER_03;que dio por buena esa media hora de lloros intensos.
1611.800;1614.800;SPEAKER_03;Fue muy bonito.
1614.800;1617.800;SPEAKER_02;Menos mal que las liaba porque la historia...
1617.800;1620.800;SPEAKER_02;Cuando seáis padre, sabréis de lo que hablo.
1620.800;1623.800;SPEAKER_03;Y además comeréis huevos.
1623.800;1626.800;SPEAKER_03;Cuarta cuestión.
1626.800;1629.800;SPEAKER_03;Jan Nogales 18.
1629.800;1632.800;SPEAKER_02;Ay, tío, este clip va a ser increíble.
1632.800;1635.800;SPEAKER_02;¿Qué explicación podéis darle
1635.800;1638.800;SPEAKER_03;al nivel tan bajo del Sevilla en el Sánchez Pijuan
1638.800;1641.800;SPEAKER_03;que, si no me equivoco, Adri,
1641.800;1644.800;SPEAKER_03;solo ha ganado ante la Unión Deportiva de las Palmas en 2025?
1644.800;1647.800;SPEAKER_03;Eso es, una victoria.
1647.800;1650.800;SPEAKER_01;Solo como local del Sevilla en 2025.
1650.800;1653.800;SPEAKER_01;A nivel mental, emocional,
1653.800;1656.800;SPEAKER_01;está afectando la situación que se vive dentro del Sánchez Pijuan.
1656.800;1659.800;SPEAKER_01;Partido sí, partido también.
1659.800;1662.800;SPEAKER_01;Y como es una plantilla que se ha devaluado mucho,
1662.800;1665.800;SPEAKER_01;que ha perdido bastante calidad,
1665.800;1668.800;SPEAKER_01;creo que al Sevilla en los últimos tiempos
1668.800;1671.800;SPEAKER_01;o en este último año le facilita la vida
1671.800;1674.800;SPEAKER_01;no llevar la iniciativa en los partidos.
1674.800;1677.800;SPEAKER_01;Y creo que eso encaja más con jugar fuera de casa
1677.800;1680.800;SPEAKER_00;que no tener que llevar la iniciativa como local del Sánchez Pijuan.
1680.800;1683.800;SPEAKER_00;En 2025, el equipo de los que han estado permanentemente
1683.800;1686.800;SPEAKER_00;en la primera división de las cinco grandes ligas,
1686.800;1689.800;SPEAKER_00;un 8 % apenas, son datos…
1689.800;1692.800;SPEAKER_00;Creo que hablan también de un bloqueo emocional.
1692.800;1695.800;SPEAKER_00;De una situación complicada
1695.800;1698.800;SPEAKER_00;fuera del Ramón Sánchez Pijuan para el Sevilla
1698.800;1701.800;SPEAKER_00;se convierte en una situación complicada, le podemos dar la vuelta.
1701.800;1704.800;SPEAKER_00;Pero dentro de lo que es el Ramón Sánchez Pijuan,
1704.800;1707.800;SPEAKER_00;creo que la losa es muy grande. Sobre todo porque no creo
1707.800;1710.800;SPEAKER_00;que la gente juegue en contra.
1710.800;1713.800;SPEAKER_00;Creo que la gente quiere que su equipo gane.
1713.800;1716.800;SPEAKER_03;Se separa entre equipo y club bastante.
1716.800;1719.800;SPEAKER_00;El año pasado en el tramo final lo vimos mucho.
1719.800;1722.800;SPEAKER_00;Pero aún así cala.
1722.800;1725.800;SPEAKER_00;Y yo lo que creo también es que
1725.800;1728.800;SPEAKER_00;dentro de los propios jugadores esa losa afecta mucho.
1728.800;1731.800;SPEAKER_00;Al final afecta el mirar la grada, el ver la grada
1731.800;1734.800;SPEAKER_00;de esa manera, el verse otra vez de nuevo.
1734.800;1737.800;SPEAKER_00;Otro partido que se nos va a escapar en casa.
1737.800;1740.800;SPEAKER_00;Y otra y otra y otra.
1740.800;1743.800;SPEAKER_00;Y yo creo que llegará, terminara llegando esa victoria.
1743.800;1746.800;SPEAKER_00;Porque al final va a caer.
1746.800;1749.800;SPEAKER_00;Pero me da la sensación de que el trabajo que está haciendo Almeida
1749.800;1752.800;SPEAKER_00;para conseguirla se puede dilatar un poquito en el tiempo sí.
1752.800;1755.800;SPEAKER_00;Pero es muy positivo para precisamente buscar eso.
1755.800;1758.800;SPEAKER_02;Oye, os suscribo todo lo que decís.
1758.800;1761.800;SPEAKER_02;Y creo que va por ahí.
1761.800;1764.800;SPEAKER_02;¿Algunos recuerda quién marca el gol del Sevilla en ese 1-0 contra Las Palmas?
1764.800;1767.800;SPEAKER_02;¡Ostras! ¡Es 1-0!
1767.800;1770.800;SPEAKER_02;No, ya no está.
1770.800;1773.800;SPEAKER_00;Se ha ido hace año y medio.
1773.800;1776.800;SPEAKER_02;Es verdad que yo tengo la sensación de que ha pasado cuatro años
1776.800;1779.800;SPEAKER_03;desde la última temporada.
1779.800;1782.800;SPEAKER_02;De los cuatro de arriba
1782.800;1785.800;SPEAKER_02;en aquel partido ya no queda ninguno en el club.
1785.800;1788.800;SPEAKER_02;¿Marcó uno de los de arriba?
1788.800;1791.800;SPEAKER_03;Sí.
1791.800;1794.800;SPEAKER_02;Y ya no queda.
1794.800;1797.800;SPEAKER_03;De hecho, cuando ya no soy...
1797.800;1800.800;SPEAKER_03;¡Ah, que ya no está en la Palmas, claro!
1800.800;1803.800;SPEAKER_03;Igual ya no sé si se metió en propia puerta ya que fue ante las Palmas.
1803.800;1806.800;SPEAKER_02;Os daré la pista de que el goleador ahora
1806.800;1809.800;SPEAKER_02;juega en un equipo que viste como Las Palmas.
1812.800;1815.800;SPEAKER_03;¡Ostras!
1815.800;1818.800;SPEAKER_02;Villarreal no es.
1818.800;1821.800;SPEAKER_02;El silencio es a podero de todas las casas de España.
1821.800;1824.800;SPEAKER_02;En ese gol se habló mucho de su salida.
1824.800;1827.800;SPEAKER_02;Que ya está más o menos clara.
1827.800;1830.800;SPEAKER_02;El Sevilla hizo una mago de decir
1830.800;1833.800;SPEAKER_03;¡Oye, que ha marcado!
1833.800;1836.800;SPEAKER_03;¡Ah, vale! Suso.
1836.800;1839.800;SPEAKER_02;Pues se encajaba con Cádiz.
1839.800;1842.800;SPEAKER_02;Suso jugó ese partido pero no marcó.
1842.800;1845.800;SPEAKER_02;Pero juega con Suso.
1845.800;1848.800;SPEAKER_01;¡García Pascual!
1848.800;1851.800;SPEAKER_01;¡Ostras! No sabía que estaba allí.
1851.800;1854.800;SPEAKER_03;El día de García Pascual, es verdad.
1854.800;1857.800;SPEAKER_03;Yo también diría una cosa.
1857.800;1860.800;SPEAKER_03;Que no haya ganado en casa Almeida.
1860.800;1863.800;SPEAKER_03;Puede haber parte de modelo, porque yo estoy de acuerdo con lo que habéis dicho.
1863.800;1866.800;SPEAKER_03;Más reactivo que proactivo. Pero también creo que ha sido un punto circunstancial.
1866.800;1869.800;SPEAKER_03;Porque no creo...
1869.800;1872.800;SPEAKER_03;¿Y los otros?
1872.800;1875.800;SPEAKER_03;Lo del año pasado es totalmente cierto. Se enraece el ambiente.
1875.800;1878.800;SPEAKER_03;Y es que el Sevilla juega mejor contra el Che que contra el Aves.
1878.800;1881.800;SPEAKER_03;Y de esta burra no me caigo.
1881.800;1884.800;SPEAKER_03;Para que uno lo ganas, otro lo empatas.
1884.800;1887.800;SPEAKER_03;Contra el Villarreal es un partido que hasta la lesión de Nianshu
1887.800;1890.800;SPEAKER_03;el Sevilla en ese momento estaba controlando.
1890.800;1893.800;SPEAKER_03;Entonces yo creo que esto se va a romper y que se va a normalizar.
1893.800;1896.800;SPEAKER_03;Y soy bastante positivo con el trabajo de Almeida ahora mismo.
1896.800;1899.800;SPEAKER_03;¿Quién ha hablado antes de Javi Guerra?
1899.800;1902.800;SPEAKER_03;Pues mira, Adrien.
1903.800;1906.800;SPEAKER_03;¿Creéis que el Javi Guerra actual por liderazgo y presencia continua
1906.800;1909.800;SPEAKER_03;en el juego de Valencia es su mejor versión hasta ahora mismo
1909.800;1912.800;SPEAKER_03;o hasta la fecha vista en la Elite?
1912.800;1915.800;SPEAKER_03;Yo me estoy creyendo mucho, la verdad.
1915.800;1918.800;SPEAKER_01;Lo estoy creyendo mucho. Además es que llega a Corberán al banquillo.
1918.800;1921.800;SPEAKER_01;Es que es la primera pieza que recupera Corberán
1921.800;1924.800;SPEAKER_01;con respecto a la etapa de Baraja.
1924.800;1927.800;SPEAKER_01;Con Baraja o la rectación de Baraja hemos hagan Javi Guerra bastante tocado.
1927.800;1930.800;SPEAKER_01;Muy poquito.
1930.800;1933.800;SPEAKER_01;Y con él, creo que estamos viendo una versión
1933.800;1936.800;SPEAKER_01;que me creo mucho, insisto, yo creo que se hace una buena temporada.
1936.800;1939.800;SPEAKER_01;Yo lo metería en la quiniela en clave selección absoluta.
1939.800;1942.800;SPEAKER_00;¿La primera de Baraja es mejor, Nao?
1942.800;1945.800;SPEAKER_00;Yo también tengo esa opinión.
1945.800;1948.800;SPEAKER_02;Los primeros partidos...
1951.800;1954.800;SPEAKER_02;Yo estuve en Mestalla
1954.800;1957.800;SPEAKER_02;en el 3-0 al Ético de Madrid, el día que seleccioné a Lemar
1957.800;1960.800;SPEAKER_02;del tendón de Aquiles.
1960.800;1963.800;SPEAKER_02;Ese día dijimos, cuidado con esto.
1963.800;1966.800;SPEAKER_03;¿No crees, Naoel, que le está faltando...
1966.800;1969.800;SPEAKER_03;Sobre todo en este comienzo de temporada,
1969.800;1972.800;SPEAKER_03;está mucho en la base
1972.800;1975.800;SPEAKER_03;y le está faltando un poquito de libertad?
1975.800;1978.800;SPEAKER_00;No sé si llamarlo así.
1978.800;1981.800;SPEAKER_00;Y el que la tiene Santa María muchas veces. Mira el partido del Atletic.
1981.800;1984.800;SPEAKER_00;Es el que estira y provoca la expulsión de Bibian.
1984.800;1987.800;SPEAKER_03;Pero está muy bien, eso es objetivo.
1987.800;1990.800;SPEAKER_02;Sí, está bien.
1990.800;1993.800;SPEAKER_02;A mí no me está enamorando.
1993.800;1996.800;SPEAKER_02;Me parece que es un jugador muy talentoso,
1996.800;1999.800;SPEAKER_02;pero que le cuesta ser regular.
1999.800;2002.800;SPEAKER_02;Y creo que le viene mucho mejor un perfil más como el de Barnecha,
2002.800;2005.800;SPEAKER_02;que se llama As5, que no tanto Santa María o Pepelu,
2005.800;2008.800;SPEAKER_02;que lo pueden ser, pero lo que les está pidiendo Corberán
2008.800;2011.800;SPEAKER_02;es que tenga mucha más ida y vuelta.
2011.800;2014.800;SPEAKER_02;Va a hacer un hecho muy definido.
2014.800;2017.800;SPEAKER_00;Para mí y una simple cuestión, creo que ese doble pivote
2017.800;2020.800;SPEAKER_00;o los dobles pivotes que está construyendo el Valencia esta temporada
2020.800;2023.800;SPEAKER_00;son para jugar con tres centrales más que con cuatro atrás.
2023.800;2026.800;SPEAKER_03;Puede ser, puede ser por esa libertad.
2026.800;2029.800;SPEAKER_03;Entre Chomert
2029.800;2032.800;SPEAKER_03;o Cafuquer.
2032.800;2035.800;SPEAKER_03;Mira, mira, mira.
2035.800;2038.800;SPEAKER_03;¡Qué guapa!
2038.800;2041.800;SPEAKER_03;Que también creo que el hecho es que ahora el mismo Valencia
2041.800;2044.800;SPEAKER_03;tiene bastante más calidad arriba.
2044.800;2047.800;SPEAKER_03;Y quizás Neidita Javi Guerra menos tiempo arriba
2047.800;2050.800;SPEAKER_03;y Neidita más abajo.
2050.800;2053.800;SPEAKER_03;Es decir, con Dan Juma, con Raba, con Ramazani,
2053.800;2056.800;SPEAKER_03;más lo que ya tenía con Diego López y Rioja,
2056.800;2059.800;SPEAKER_03;Neidita un puntito menos.
2059.800;2062.800;SPEAKER_03;Sexta cuestión.
2062.800;2065.800;SPEAKER_03;HB62-762.
2065.800;2068.800;SPEAKER_03;¿Qué es el motivo por el cual el Athletic Club ha empezado tan frío?
2068.800;2071.800;SPEAKER_03;Le pone comillas a lo de frío porque no es literal,
2071.800;2074.800;SPEAKER_03;pero como si lo fuera.
2074.800;2077.800;SPEAKER_03;Y dice, se ha hecho 10 de 18 y aún así las sensaciones de óxido,
2077.800;2080.800;SPEAKER_03;de que falta velocidad en la circulación, automatismos
2080.800;2083.800;SPEAKER_03;y pregunta por un diagnóstico.
2083.800;2086.800;SPEAKER_03;¿Cómo lo veis chicos? Porque esto lo pensábamos
2086.800;2089.800;SPEAKER_03;incluso con el 9 de 9 que estábamos diciendo, oye,
2089.800;2092.800;SPEAKER_03;está sacando parte de forma funcional, esto habla de la madurez,
2092.800;2095.800;SPEAKER_03;pero futbolísticamente no está yendo sobrado.
2095.800;2098.800;SPEAKER_00;Yo tengo una sospecha
2098.800;2101.800;SPEAKER_00;que la estoy calculando ahora mismo.
2101.800;2104.800;SPEAKER_01;Mira, luego os paso,
2104.800;2107.800;SPEAKER_00;luego igual se lo puedo pasar a Alexander para que ponga
2107.800;2110.800;SPEAKER_00;los mapas.
2110.800;2113.800;SPEAKER_00;Dame un segundín, perdonad. Vale.
2113.800;2116.800;SPEAKER_00;El Athletic Club... Ritmo, ritmo. La temporada pasada
2116.800;2119.800;SPEAKER_00;tuvo 310 recuperaciones altas.
2119.800;2122.800;SPEAKER_00;De las cuales 54 terminaban en remate.
2122.800;2125.800;SPEAKER_00;Es un montón, era uno de los más de la liga.
2125.800;2128.800;SPEAKER_00;Mira, de hecho, me acaban de pasar la tabla.
2128.800;2131.800;SPEAKER_00;El 17% terminaban remate.
2131.800;2134.800;SPEAKER_00;Esta temporada está terminando en remate el 10%.
2134.800;2137.800;SPEAKER_00;Es una bajona importante.
2137.800;2140.800;SPEAKER_00;Obviamente no está Niko, hay muchos factores y demás,
2140.800;2143.800;SPEAKER_00;pero mi sensación es que,
2143.800;2146.800;SPEAKER_00;pese a que el Athletic Club está recuperando alto
2146.800;2149.800;SPEAKER_00;y está siendo ese equipo agresivo en la presión,
2149.800;2152.800;SPEAKER_00;recupera rápido la pelota, es el equipo que más rápido
2152.800;2155.800;SPEAKER_00;la recupera de la liga,
2155.800;2158.800;SPEAKER_00;aún así no está teniendo esa verticalidad
2158.800;2161.800;SPEAKER_00;o no están contando ese pase interior
2161.800;2164.800;SPEAKER_00;que siempre la ha beneficiado para terminar luego
2164.800;2167.800;SPEAKER_00;de meter peligro en la portería rival.
2167.800;2170.800;SPEAKER_00;Y chicos, esto yo me fijé en el partido frente al Girona.
2170.800;2173.800;SPEAKER_00;Se ve muy claro. Ante el Girona tienen varias recuperaciones
2173.800;2176.800;SPEAKER_00;que no están capaces de jugar. Y el Girona no es un equipo
2176.800;2179.800;SPEAKER_00;que defienda el pasillo interior con sencillez.
2179.800;2182.800;SPEAKER_00;Y un pequeño detalle más.
2182.800;2185.800;SPEAKER_00;Creo que el Athletic Club, además de tener un Sunset
2185.800;2188.800;SPEAKER_00;que no está bien, la ausencia de Niko,
2188.800;2191.800;SPEAKER_00;y Nyaki Buenas no está bien, me parece que está juntando
2191.800;2194.800;SPEAKER_00;mucha gente por dentro en esos momentos de recuperación.
2194.800;2197.800;SPEAKER_00;Y eso le está permitiendo o no permitiendo sorprender.
2197.800;2200.800;SPEAKER_03;Yo creo que todo lo que has dicho
2200.800;2203.800;SPEAKER_03;es que no pueden que Sunset
2203.800;2206.800;SPEAKER_03;está muy mal. Quiero decir, tú recuperas,
2206.800;2209.800;SPEAKER_03;tú tienes... Y Nyaki también.
2209.800;2212.800;SPEAKER_02;Y Nyaki también, tienes esas combinaciones interiores.
2212.800;2215.800;SPEAKER_03;Sí, pero es que ya sabéis que yo soy el...
2215.800;2218.800;SPEAKER_02;El único jugador que ha estado enchufado de los de arriba
2218.800;2221.800;SPEAKER_02;en este arranque es Niko. Y que son ya tres o cuatro partidos
2221.800;2224.800;SPEAKER_03;que no juega Niko. Yo os lo digo porque
2224.800;2227.800;SPEAKER_03;sabéis que pienso que el que eleva más el techo del equipo
2227.800;2230.800;SPEAKER_03;y que más proyección tiene puede ser Niko. Pero para mí,
2230.800;2233.800;SPEAKER_03;allá de hoy, eso ya en Sunset y ver un malo ya en Sunset
2233.800;2236.800;SPEAKER_03;es que simplifica mucho a Athletic Club.
2236.800;2239.800;SPEAKER_03;O sea, es que no está girándose bien,
2239.800;2242.800;SPEAKER_03;no está dándole fluidez, ese óxido del que hablaba
2242.800;2245.800;SPEAKER_03;el pizarrita creo que tiene que ver con que Sunset
2245.800;2248.800;SPEAKER_03;no le está echando tres en uno al sistema de Athletic Club.
2248.800;2251.800;SPEAKER_03;Entonces todo cuesta mucho más. Sí, claro, a eso le añades
2251.800;2254.800;SPEAKER_03;Adri, que no tiene el desborde de Niko. Y Nyaki está un poco
2254.800;2257.800;SPEAKER_03;raro, raro. Que es verdad que Nyaki es bastante diesel,
2257.800;2260.800;SPEAKER_03;pero está raro y te encuentras pues eso, un atasco monumental.
2260.800;2263.800;SPEAKER_01;Sí, porque además, hilándolo con lo que
2263.800;2266.800;SPEAKER_01;decía Alex de esa sobrepoblación en el Cargri Central,
2266.800;2269.800;SPEAKER_01;es que con los laterales estás generando muy poco.
2269.800;2272.800;SPEAKER_01;Porque por izquierda tanto Dago Boiro como
2272.800;2275.800;SPEAKER_01;Yuri no están consiguiendo generar desde ese costado.
2275.800;2278.800;SPEAKER_01;Y por derecha, a eso. Está llegando mucho, pero no está
2278.800;2281.800;SPEAKER_01;encontrando remate en los centros que pueden hacer eso. Entonces yo creo que
2281.800;2284.800;SPEAKER_01;además está echando falta los extremos,
2284.800;2287.800;SPEAKER_01;es que los laterales en ese ataque posicional tampoco te están solucionando nada ahora mismo.
2287.800;2290.800;SPEAKER_02;No, y que el perfil Robert, que a mí es un jugador que me encanta,
2290.800;2293.800;SPEAKER_02;no deja de ser un mediapunta tirada a la banda. Total.
2293.800;2296.800;SPEAKER_02;Para hacerle hueco también a Sunset.
2296.800;2299.800;SPEAKER_03;Es que esto es lo que decía Alex, el día,
2299.800;2302.800;SPEAKER_03;hay dos partidos seguidos que juegan con Berenguer y Robert,
2302.800;2305.800;SPEAKER_03;creo que es el de Arsenal, y es que están todos por dentro.
2305.800;2308.800;SPEAKER_03;Pero es su naturaleza, esa es la realidad.
2308.800;2311.800;SPEAKER_00;Claro, pero es que no termina de encontrar esas opciones por fuera.
2311.800;2314.800;SPEAKER_00;Y mi sensación es que se convierte
2314.800;2317.800;SPEAKER_00;dentro de que es un equipo que obviamente en esa presión
2317.800;2320.800;SPEAKER_00;te va a poner muchos problemas, una vez recupera se convierte imprevisible.
2320.800;2323.800;SPEAKER_00;¿Sabes que el pase va a ir al delantero?
2323.800;2326.800;SPEAKER_00;O no hay más?
2326.800;2329.800;SPEAKER_00;O sea, porque Iñaki Williams no está
2329.800;2332.800;SPEAKER_00;en esa posición en la que puede hacer un poquito más daño
2332.800;2335.800;SPEAKER_00;atacando el hueco entre central y lateral,
2335.800;2338.800;SPEAKER_00;porque hoy en Sunset el giro no te lo termina de dar
2338.800;2341.800;SPEAKER_00;o se convierte en pérdida, o porque la banda izquierda,
2341.800;2344.800;SPEAKER_00;seamos honestos, cuando juega Nico Serrano
2344.800;2347.800;SPEAKER_00;se queda poco corta y cuando está Berenguer,
2347.800;2350.800;SPEAKER_00;yo creo que es otro futbolista que tiende mucho a la zona interior.
2350.800;2353.800;SPEAKER_00;Pero la clave es que los huevos no están muy mal.
2353.800;2356.800;SPEAKER_02;Claro, pero es muy significativo que esté teniendo tanto
2356.800;2359.800;SPEAKER_02;minutos Nico Serrano estos últimos partidos, que es, oye,
2359.800;2362.800;SPEAKER_02;que necesito comerse algún extremo como sea, aunque no esté entre los
2362.800;2365.800;SPEAKER_02;17 y 18 jugadores de más calidad del equipo.
2365.800;2368.800;SPEAKER_02;¿Y si puedo proponer algo?
2368.800;2371.800;SPEAKER_00;Pero cerramos los ojos.
2371.800;2374.800;SPEAKER_00;A ver, son la... Bueno, es mi día.
2374.800;2377.800;SPEAKER_00;Uno solo, uno solo.
2377.800;2380.800;SPEAKER_00;André Guignac.
2380.800;2383.800;SPEAKER_00;Que venga Meiro.
2383.800;2386.800;SPEAKER_00;¿Y si Maruan Sanadi
2386.800;2389.800;SPEAKER_00;juega en una banda?
2389.800;2392.800;SPEAKER_03;Sextima cuestión.
2392.800;2395.800;SPEAKER_02;No había que cerrar los ojos.
2395.800;2398.800;SPEAKER_03;No, no, no, había que mantenerlos abiertos para ver el humillo
2398.800;2401.800;SPEAKER_03;que salía del porro que se ha fumado.
2401.800;2404.800;SPEAKER_00;Día 25 de septiembre de 2025,
2404.800;2407.800;SPEAKER_00;cuando Maruan Sanadi marque diferencias partiendo desde la banda,
2407.800;2410.800;SPEAKER_00;como Romelu Lukaku en el Everton vendréis.
2410.800;2413.800;SPEAKER_03;Marc Sánchez.
2413.800;2416.800;SPEAKER_03;Siete pregunta.
2416.800;2419.800;SPEAKER_03;¿Qué nos parece el futbolista más diferencial del Villarreal?
2419.800;2422.800;SPEAKER_03;Contando que están todos sanos, claro,
2422.800;2425.800;SPEAKER_03;porque mete a Jofe, mete a Gerard,
2425.800;2428.800;SPEAKER_03;porque si no es más difícil.
2428.800;2431.800;SPEAKER_03;Con todos sanos, Gerard Moreno.
2431.800;2434.800;SPEAKER_01;El de Santa Perpetua de Moguda, eso es.
2434.800;2437.800;SPEAKER_01;Con todos sanos, Gerard. Me parece el futbolista más diferencial,
2437.800;2440.800;SPEAKER_01;al que tiene más calidad.
2440.800;2443.800;SPEAKER_03;Pregunta, ¿a qué versión os referís con Gerard Moreno?
2443.800;2446.800;SPEAKER_00;La de la primera parte con Talobiedo.
2446.800;2449.800;SPEAKER_00;Seis ocasiones creadas en 40 minutos.
2449.800;2452.800;SPEAKER_00;Dime si no es diferencial.
2452.800;2455.800;SPEAKER_03;No, pero te lo digo, Álex, porque el año pasado,
2455.800;2458.800;SPEAKER_03;cuando entraba Gerard Moreno,
2458.800;2461.800;SPEAKER_03;yo no veía a Gerard Moreno, porque al final también los años pasan,
2461.800;2464.800;SPEAKER_01;las lesiones...
2464.800;2467.800;SPEAKER_03;Claro, esa es mi pregunta,
2467.800;2470.800;SPEAKER_03;yo firmo debajo vuestro, porque si no se acaba rápido la cuestión.
2470.800;2473.800;SPEAKER_03;Debo decir,
2473.800;2477.800;SPEAKER_03;que en el año pasado,
2477.800;2480.800;SPEAKER_00;el año pasado se ha generado un gran conflicto,
2480.800;2483.800;SPEAKER_00;con Aljosi, con Nicolà PP,
2483.800;2486.800;SPEAKER_00;en las circunstancias de los últimos años.
2486.800;2489.800;SPEAKER_00;En lo que es ahora el Villarreal,
2489.800;2492.800;SPEAKER_00;te diría que para mí es Nicolà PP.
2492.800;2495.800;SPEAKER_00;Para mí también.
2495.800;2498.800;SPEAKER_00;Te marca la diferencia, te genera una barbaridad,
2498.800;2500.800;SPEAKER_00;A mí el que más me gusta es el...
2500.800;2502.800;SPEAKER_01;Obra de Salvador Milagros.
2502.800;2505.800;SPEAKER_02;Yo creo que una Yoce sano y con continuidad.
2505.800;2508.800;SPEAKER_02;Me parece el mejor jugador que hay en el árbol ahora mismo.
2508.800;2513.800;SPEAKER_02;Hay unos cuantos candidatos y hay algunos que los estamos todavía testando.
2513.800;2517.800;SPEAKER_02;Pero vamos, el más diferencial a mí con todo sanos me parece a Yoce.
2517.800;2520.800;SPEAKER_03;Y ya que hablamos de diferencial,
2520.800;2523.800;SPEAKER_03;¿por qué sospecho que si le hacemos esta pregunta a Marcelino
2523.800;2526.800;SPEAKER_03;te suelta un Juanfoyt?
2527.800;2529.800;SPEAKER_02;Porque arriba no tiene ningún fenómeno.
2529.800;2531.800;SPEAKER_02;Que esto es como el balón de oro.
2531.800;2534.800;SPEAKER_03;Que si no hay ninguno que tire la casa abajo,
2534.800;2536.800;SPEAKER_03;pues prima estas posiciones.
2536.800;2538.800;SPEAKER_03;O que tiene una nómina de jugadores muy buenos.
2538.800;2542.800;SPEAKER_03;Donde, oye, Pepe, a Yoce tal, pero siempre hay muy buenos.
2542.800;2544.800;SPEAKER_03;En defensa también.
2544.800;2547.800;SPEAKER_03;Pero, por ejemplo, Renato Veiga me está dejando alguna dudita.
2547.800;2548.800;SPEAKER_00;Muy frío.
2548.800;2551.800;SPEAKER_03;Santiago Mourinho acaba de llegar y más, ya es joven.
2551.800;2554.800;SPEAKER_03;Pero es que el que creo que le da sentido a todo es Foyt.
2554.800;2561.800;SPEAKER_01;Y si le preguntases a Marcelino qué perfil de futbolista ficharías
2561.800;2565.800;SPEAKER_01;en un mundo ideal, igual te dice que un clon de Dani Parejo.
2565.800;2566.800;SPEAKER_01;Claro.
2566.800;2568.800;SPEAKER_01;Esa también.
2568.800;2569.800;SPEAKER_00;Me duele el cuello.
2569.800;2572.800;SPEAKER_03;He dormido en casa madre y estoy...
2572.800;2575.800;SPEAKER_03;Claro, es que cargando todo eso...
2575.800;2577.800;SPEAKER_03;Un tremendo tipote.
2577.800;2579.800;SPEAKER_03;Carga todo eso.
2579.800;2580.800;SPEAKER_02;¡Qué tipote!
2580.800;2581.800;SPEAKER_??;¡Qué tipote!
2581.800;2583.800;SPEAKER_??;¡Vas por la vida con el mando de la tele!
2583.800;2584.800;SPEAKER_??;Claro, claro, Miguel.
2584.800;2586.800;SPEAKER_??;Te vas a la huella encendida.
2586.800;2589.800;SPEAKER_02;¿Te haces como Maquelelle, que te lazas ahí a la pierna?
2589.800;2591.800;SPEAKER_02;No me reconozco.
2591.800;2592.800;SPEAKER_00;Nuestro Ibarbo.
2592.800;2595.800;SPEAKER_00;¡Nuestro Ibarbo, dice el otro!
2595.800;2598.800;SPEAKER_03;FONTA 21-52.
2598.800;2601.800;SPEAKER_02;¿Tú juegas con Campazo en el UCAMURCIA?
2601.800;2603.800;SPEAKER_03;¡No, no, no!
2603.800;2604.800;SPEAKER_03;¡No, no, no!
2604.800;2605.800;SPEAKER_03;¡No, no, no!
2605.800;2606.800;SPEAKER_03;¡No, no, no!
2606.800;2607.800;SPEAKER_03;¡No, no, no!
2607.800;2610.800;SPEAKER_03;¡Nridale, False…!
2610.800;2612.800;SPEAKER_03;Se lo muestran during perceber que iba, ¿no?
2612.800;2613.800;SPEAKER_03;Auroniter.
2613.800;2614.800;SPEAKER_03;No cellosji.
2614.800;2617.800;SPEAKER_03;Y六, pero Tron polelo el......
2617.800;2619.800;SPEAKER_03;THE nuggets.
2619.800;2620.800;SPEAKER_03;Se 보이 eso?
2620.800;2621.800;SPEAKER_03;Se viruseslege.
2621.800;2627.800;SPEAKER_03;Se tambe MIDI, termination,ordre de Rica...
2628.720;2629.720;SPEAKER_03;¡Joo!
2629.720;2631.800;SPEAKER_03;¡Un rompe de eu pairing EDooo!
2631.800;2635.800;SPEAKER_03;Bueno, laribly, va, pero suistan circo.
2635.800;2636.800;SPEAKER_03;Bueno, Ay, ay...
2636.800;2640.080;SPEAKER_03;muy cómodos, quizás a veces demasiado, que es una crítica que yo hago en el
2640.080;2643.560;SPEAKER_03;metropolitano respecto al Calderón. Fijaos cómo es el fútbol que se critica la
2643.560;2647.440;SPEAKER_03;comodidad, pero es que a veces al campo lo que se va buscando no es la comodidad.
2647.440;2653.280;SPEAKER_00;Pero y te digo una cosa, la orientación de los asientos.
2653.280;2657.480;SPEAKER_00;Que es muy horizontal. Es que es muy horizontal el metropolitano y el camp no va a ser igual.
2657.480;2663.160;SPEAKER_03;Claro, entonces a mí me gusta por un lado la arquitectura diferente, San Siro,
2663.160;2669.520;SPEAKER_03;Santiago Hernabéu, el Calderón incluso que parecía inacabado, entre comillas, con la M30.
2669.520;2677.120;SPEAKER_03;Claro, pero luego a mí es que me gusta mucho la grada vertical, el bridge en eso es brutal,
2677.120;2684.040;SPEAKER_02;Mestalla es brutal. De Mestalla he leído el otro día que ya no se puede construir la grada tan vertical.
2684.040;2696.360;SPEAKER_00;No ha pasado nada en la vida. Yo arquitecto no soy.
2696.360;2703.880;SPEAKER_02;Yo bastante tengo, me he hecho mi infusión de jengibre y no me he quemado.
2703.880;2708.680;SPEAKER_03;Pero sé honesto, ¿tú crees que ese cambio de normativa lo ha impuesto un arquitecto o
2708.680;2714.560;SPEAKER_03;lo ha impuesto un tío que es asesor de alguien, cobra mucha pasta y ha dicho mira, chicos.
2714.560;2718.240;SPEAKER_02;Bueno, imagino que algún arquitecto si no lo opinaba lo han tenido que juntar.
2718.240;2722.040;SPEAKER_02;Pero bueno, soy yo que soy un mal pensado. La agenda 2030.
2722.040;2728.560;SPEAKER_02;A mí me pasó. Concretamente con Mestalla esa agenda, literalmente 2030.
2728.560;2735.560;SPEAKER_00;A mí me pasó en el Tottenham Hotspur Stadium, me he ido dos veces.
2735.560;2742.040;SPEAKER_00;La primera me tocó en un anillo un poco superior y ahí sí que noté vértigo de narices.
2742.040;2746.560;SPEAKER_00;De igual el campo en el que peor lo he pasado llegando a mi asiento.
2746.560;2751.640;SPEAKER_03;Pero tiene razón FONTA en que han perdido Caribá.
2751.640;2758.680;SPEAKER_02;Bueno, yo que estuve en Maracaná este verano y los brasileños son muy críticos con que han perdido
2758.680;2762.640;SPEAKER_02;mucha personalidad maracaná con la última reforma que hicieron para el Mundial 2014.
2763.520;2769.960;SPEAKER_01;No obstante, lo que sí me gusta mucho de las nuevas reformas de los estadios son estadios que ya se están
2769.960;2776.040;SPEAKER_01;construyendo con el césped hundido, digamos. Que está por debajo de lo que es la grada y mola mucho.
2776.040;2781.320;SPEAKER_01;El primero que vi así en persona fue el Juventus Stadium en Turín y mola mucho.
2781.320;2786.800;SPEAKER_01;Porque yo creo que da la sensación, es que lo ves muy bien desde cualquier posición.
2786.800;2791.160;SPEAKER_01;Y por ejemplo el Metropolitano lo tiene parecido, San Mamés también está así ya construido.
2791.160;2792.440;SPEAKER_02;El Coliseum también ¿no?
2792.440;2795.640;SPEAKER_01;Aquí te alfosos, aquí te alfotes.
2795.640;2797.040;SPEAKER_02;Poco a poco.
2797.040;2801.880;SPEAKER_02;Yo vi, bueno, sólo estaba una vez en el Coliseum y vi el partido en uno de los fondos, la fila 5.
2801.880;2805.240;SPEAKER_02;Y vamos, o sea, el área rival no la ves.
2805.240;2806.320;SPEAKER_02;Para tirarte al foso.
2806.320;2809.800;SPEAKER_03;Sí, sí, sí. Ahí vi yo el último, el del Celta famoso.
2809.800;2815.520;SPEAKER_03;A ver, se habló en su día de recuperar los fondos de pie.
2815.520;2819.520;SPEAKER_00;Eso bueno, en San Mamés está y en Pamplona está.
2820.280;2824.160;SPEAKER_02;Y esto la web tiene un proyecto piloto para impulsarlo, de hecho.
2824.160;2829.600;SPEAKER_03;Eso, a eso me refería, no me refería a la liga, me refería a lo que habíamos comentado en su día de la web.
2829.600;2838.920;SPEAKER_03;Creo que es necesario, hay que decir, por mantener la esencia, el ambiente.
2838.920;2841.960;SPEAKER_00;Pero también hay que decir que, claro, a esta ya me la veo venir.
2841.960;2846.320;SPEAKER_00;Claro, cabe más gente en un fondo, entonces va a ser más caro.
2846.320;2849.680;SPEAKER_00;O sea, van a sacar más dinero, pero en lugar de hacerlo más, más.
2849.680;2852.680;SPEAKER_03;Si va a ser más caro siempre, es que siempre va a ser más caro.
2852.680;2854.960;SPEAKER_00;Ya, ya, ya, pero me toca las narices.
2854.960;2856.440;SPEAKER_00;Ya, ya, ya.
2856.440;2860.480;SPEAKER_00;Pregunta en Vallecas, ya que utilizaba el nombre de ese, pregunta en Vallecas.
2860.480;2865.040;SPEAKER_00;Bueno, en Vallecas, que no pueden comprar, los del Rayo no pueden comprar entre los visitantes.
2865.040;2870.400;SPEAKER_00;O sea, no pueden desplazarse, ni los equipos que van a Vallecas pueden comprar.
2870.400;2872.840;SPEAKER_00;O sea, es que me parece increíble, esto lo permite a la liga.
2872.880;2877.880;SPEAKER_00;Oye, no, no puedes inscribir porque te has pasado un 0,0001 y tal,
2877.880;2883.520;SPEAKER_00;pero la aficionada que ven por culo, venga, hombre, macho, que me tiene este tema, me cabrea.
2883.520;2886.200;SPEAKER_02;Lo siento, me he encendido.
2886.200;2887.520;SPEAKER_02;Pero te has enfadado de verdad.
2887.520;2889.320;SPEAKER_02;Sí, que intervenga.
2889.320;2891.640;SPEAKER_02;Que no ha quedado muy creíble.
2891.640;2894.760;SPEAKER_00;Que no puede ser el Rayo va a tomar un bomba y va a venir el Lekia Dance o quien sea,
2894.760;2897.000;SPEAKER_00;y los aficionados no pueden ir a ver nada.
2897.000;2900.720;SPEAKER_03;Pero, pregunto, yo soy el primero que cree que la liga tiene que meter mano en estas cosas,
2900.760;2902.320;SPEAKER_03;como en la venta de entradas.
2902.320;2904.600;SPEAKER_03;Yo recuerdo en su día, o al menos es lo que me comentaron,
2904.600;2908.880;SPEAKER_03;el Getafe no tenía redes sociales y las hizo a instancias de la liga.
2908.880;2910.480;SPEAKER_02;Sí, sí.
2910.480;2913.680;SPEAKER_03;Pero esto es protocolo UEFA, ¿no?
2913.680;2914.920;SPEAKER_03;O sea, quiere decir...
2914.920;2916.320;SPEAKER_03;Es el departamento de Getafe.
2916.320;2917.600;SPEAKER_00;La liga pasa lo mismo.
2917.600;2922.680;SPEAKER_00;Pero los aficionados del Celta han tenido que ir a comprar las entradas a Zerkola y tal.
2922.680;2926.440;SPEAKER_00;Y si de repente se desplazan desde Vigo y tal y no hay entradas, el Rayo,
2927.400;2932.000;SPEAKER_00;los aficionados del Rayo que quieran ir al estadio metropolitano,
2932.000;2934.040;SPEAKER_00;tienen que comprarlas en la grada local.
2934.040;2937.480;SPEAKER_00;Porque no hay grada visitante porque la liga no le está permitiendo al Rayo,
2937.480;2939.200;SPEAKER_00;esto lo ha explicado muy bien Carlos Sánchez Blas,
2939.200;2942.240;SPEAKER_00;no le está permitiendo al Rayo comprar entradas visitantes
2942.240;2943.960;SPEAKER_00;porque no venden entradas visitantes,
2943.960;2946.800;SPEAKER_00;porque no permiten que esa grada sea visitante.
2946.800;2950.960;SPEAKER_00;Entonces, es un jaleo, pero la liga no le dice nada a presa.
2950.960;2953.520;SPEAKER_00;O sea, no sé qué pasa con presa.
2953.560;2956.520;SPEAKER_03;No son, al menos hasta donde a mí me consta,
2956.520;2959.080;SPEAKER_03;es que presa como va a su rollo,
2959.080;2962.040;SPEAKER_03;tampoco lo metería en ningún pack,
2962.040;2966.960;SPEAKER_03;pero hasta donde yo sé no van muy de la mano en algunas cosas.
2966.960;2970.280;SPEAKER_03;Por eso me sorprende también ahí que Teban no meta mano.
2970.280;2974.080;SPEAKER_01;Podrían hablar de política y se pondrán de acuerdo.
2974.080;2975.080;SPEAKER_03;Igual más ahí.
2975.080;2979.360;SPEAKER_03;Yo metería más mano en estas cosas que en lo del 21 de diciembre,
2979.360;2981.840;SPEAKER_03;que parece que va para adelante.
2981.880;2984.880;SPEAKER_03;Lo del partido en Miami, me refiero.
2984.880;2985.880;SPEAKER_03;Penúltima cuestión.
2985.880;2988.880;SPEAKER_02;Desciendes el partido en Miami entonces.
2989.880;2991.880;SPEAKER_03;Penúltima cuestión, la última es una maravilla.
2991.880;2994.640;SPEAKER_03;La última cuestión del Juanel es deliciosa.
2994.640;2996.360;SPEAKER_03;Pero la penúltima es.
2996.360;3000.360;SPEAKER_03;Es de Couta 444.
3000.360;3004.360;SPEAKER_03;¿Hasta qué punto te hace el hecho de ganar un balón de oro
3004.360;3007.480;SPEAKER_03;ser recordado como mejor futbolista de lo que realmente eres?
3007.480;3008.720;SPEAKER_03;¿Creéis que en el futuro,
3008.720;3012.720;SPEAKER_03;cuando la mayoría no hayan visto jugar a Dembele,
3012.720;3016.160;SPEAKER_03;será recordado como mejor jugador que Griezmann o Rodri,
3016.160;3018.160;SPEAKER_03;mejor que Busquets?
3018.160;3019.640;SPEAKER_03;Este es un tema que me parece interesante
3019.640;3022.640;SPEAKER_03;porque dentro de unos años el balón de oro,
3022.640;3024.640;SPEAKER_03;igual que los registros,
3024.640;3027.120;SPEAKER_03;van a tener más peso que el fútbol.
3027.120;3028.120;SPEAKER_03;Esa es la realidad.
3028.120;3030.600;SPEAKER_03;Porque nos pasa a nosotros mirando hacia atrás.
3030.600;3033.640;SPEAKER_02;Realmente, ahora mismo lo que influencia esto,
3033.640;3037.120;SPEAKER_02;más que el balón de oro, es si te sacan en el Ultimate Team
3037.160;3039.160;SPEAKER_02;un cromo de leyenda.
3039.160;3041.160;SPEAKER_02;Y que te lo cheten.
3041.160;3044.160;SPEAKER_02;Además, Dembele es el típico cromo de leyenda
3044.160;3048.160;SPEAKER_02;dentro de 25 años que va como un avión.
3048.160;3052.160;SPEAKER_01;El Adriano del Pro va a ser Dembele.
3052.160;3054.160;SPEAKER_01;Yo creo que no.
3054.160;3056.160;SPEAKER_01;Porque es la pregunta, yo creo que no.
3056.160;3060.160;SPEAKER_01;Al final, nos hemos cansado estos años
3060.160;3062.160;SPEAKER_01;de recordar futbolistas grandes,
3062.160;3064.160;SPEAKER_01;futbolistas que no tienen balón de oro.
3064.200;3067.200;SPEAKER_01;Por eso, el Vecilo tiene, nos parece mejor.
3067.200;3070.200;SPEAKER_01;¿Nos parece mejor que Xavier Hernández?
3070.200;3071.200;SPEAKER_01;No.
3071.200;3073.200;SPEAKER_02;Pero no tengo balón de oro de otro.
3073.200;3075.200;SPEAKER_02;¿Nes metes mejor que ti?
3075.200;3076.200;SPEAKER_02;No.
3076.200;3078.200;SPEAKER_02;Pero los dos mejores jugadores
3078.200;3080.200;SPEAKER_02;con los que nosotros nos hemos criado,
3080.200;3082.200;SPEAKER_02;no digo que los hayamos visto,
3082.200;3084.200;SPEAKER_02;sino que teníamos en la memoria
3084.200;3086.200;SPEAKER_02;que eran los dos mejores, Maradona y Pelé,
3086.200;3088.200;SPEAKER_02;ninguno de los dos tenía balón de oro.
3088.200;3091.200;SPEAKER_03;Ya, bueno, pero era trampa.
3091.200;3093.200;SPEAKER_03;Hay que decir, no podían ganarlo.
3093.240;3096.240;SPEAKER_02;Yo te digo que es difícil para nosotros calibrarlo
3096.240;3099.240;SPEAKER_02;porque creo que tampoco le damos esa importancia.
3099.240;3101.240;SPEAKER_03;Pero ahora que vivimos en la era de,
3101.240;3104.240;SPEAKER_03;como se dice en Twitter, el G barra A,
3104.240;3106.240;SPEAKER_03;lo de goles y asistencia.
3106.240;3108.240;SPEAKER_03;De poco me gusta eso, macho.
3108.240;3110.240;SPEAKER_03;Claro, Col Palmer y Andrés Iniesta.
3110.240;3112.240;SPEAKER_03;Iniesta, una mentira.
3112.240;3114.240;SPEAKER_03;Pero el G A no.
3114.240;3116.240;SPEAKER_03;A mí me vais a volver loco.
3116.240;3118.240;SPEAKER_00;El G barra A me parece una bacala.
3118.240;3120.240;SPEAKER_03;Gole generado.
3120.240;3122.240;SPEAKER_03;No es una bacala,
3122.280;3124.280;SPEAKER_03;es un complemente que explica.
3124.280;3127.280;SPEAKER_03;Pero Andrés Iniesta era un jugador muy diferente.
3127.280;3129.280;SPEAKER_03;Por ejemplo, Col Palmer.
3129.280;3131.280;SPEAKER_03;Lo vi el otro día.
3131.280;3134.280;SPEAKER_03;No sé si había hecho más goles que Iniesta o algo así.
3134.280;3136.280;SPEAKER_02;Dices, tío, que no.
3136.280;3139.280;SPEAKER_03;Igual que Col Palmer ha salido en el balón de oro antes que Pedri.
3139.280;3141.280;SPEAKER_03;Y tú dices, no, no puede ser.
3141.280;3143.280;SPEAKER_00;¿Habéis visto la votación del de Albania?
3143.280;3145.280;SPEAKER_00;Creo que en el futuro va a afectar.
3145.280;3147.280;SPEAKER_00;¿El qué decía, Alex?
3147.280;3149.280;SPEAKER_00;La votación del de Albania.
3149.280;3151.280;SPEAKER_00;No sé si la habéis visto.
3151.320;3153.320;SPEAKER_00;La voy a buscar rápido.
3153.320;3155.320;SPEAKER_00;Creo que era Col Palmer el primero.
3155.320;3157.320;SPEAKER_00;Mira, no, no.
3157.320;3159.320;SPEAKER_00;Usbandenbele,
3159.320;3161.320;SPEAKER_00;Palmer,
3161.320;3163.320;SPEAKER_00;Laminenbapé, Donnaruma,
3163.320;3165.320;SPEAKER_00;John Eves, Vitiña, Harry Kane,
3165.320;3167.320;SPEAKER_00;Arrafi y Jokeres.
3167.320;3169.320;SPEAKER_00;Bueno.
3169.320;3171.320;SPEAKER_03;A ver, que hay a topi con Palmer.
3171.320;3173.320;SPEAKER_03;Que nos gusta mucho a los cuatro, además.
3173.320;3175.320;SPEAKER_03;Pero en su justa medida.
3175.320;3177.320;SPEAKER_03;No, o sea, Eta y yo no Col Palmer.
3177.360;3179.360;SPEAKER_03;Que conteste Alberto Jogo, eh.
3179.360;3181.360;SPEAKER_03;Ya contesta el fútbol por nosotros.
3181.360;3183.360;SPEAKER_02;No os preocupéis.
3183.360;3185.360;SPEAKER_03;Por cierto, una cosita.
3185.360;3187.360;SPEAKER_00;Eta y John.
3187.360;3189.360;SPEAKER_03;Mira, nada.
3189.360;3191.360;SPEAKER_03;La huele está en su moída.
3191.360;3193.360;SPEAKER_00;A ver, abre debate.
3193.360;3195.360;SPEAKER_00;Yo estaba buscando, digo,
3195.360;3199.360;SPEAKER_03;a ver si Col Palmer jugó un conference la temporada pasada
3199.360;3201.360;SPEAKER_02;contra algún equipo de Albania.
3201.360;3204.360;SPEAKER_02;A ver si Col Palmer jugó un conference en el año pasado.
3204.400;3206.400;SPEAKER_02;Está bien tirada esa.
3206.400;3208.400;SPEAKER_02;Está vacunado.
3208.400;3210.400;SPEAKER_02;Pero no es el caso.
3210.400;3212.400;SPEAKER_02;¿Sabes cómo se llama ese fenómeno?
3212.400;3214.400;SPEAKER_02;El fenómeno Adrián Blanco y Álvaro Yaló.
3216.400;3218.400;SPEAKER_03;A mí también pasó.
3218.400;3220.400;SPEAKER_03;Os impactó Yaló aquel día.
3220.400;3222.400;SPEAKER_02;Claro.
3222.400;3224.400;SPEAKER_03;Claro.
3224.400;3226.400;SPEAKER_03;No, joder, que le nominaste.
3226.400;3228.400;SPEAKER_02;Mejor ficha, que revela.
3228.400;3230.400;SPEAKER_02;Porque os he dicho que es el mejor ficha.
3230.400;3232.400;SPEAKER_03;Es el mejor ficha.
3232.440;3234.440;SPEAKER_03;Es el mejor ficha, que revela.
3234.440;3236.440;SPEAKER_03;Os impactó sobremanera en persona.
3236.440;3238.440;SPEAKER_03;Le llama al factor.
3238.440;3240.440;SPEAKER_02;Le vendría bastante bien un Álvaro Yaló
3240.440;3242.440;SPEAKER_02;parecido al que fichó el Atleti Club ahora mismo.
3242.440;3244.440;SPEAKER_02;Hombre, pues ya te digo.
3244.440;3246.440;SPEAKER_01;Me impactó más en la Cesare.
3246.440;3248.440;SPEAKER_01;Ante Osasuna.
3248.440;3250.440;SPEAKER_01;En el amistoso Atletico Osasuna.
3250.440;3252.440;SPEAKER_01;Impresionante Adrián Blanco.
3252.440;3254.440;SPEAKER_00;Quiero ir a ese campo.
3254.440;3256.440;SPEAKER_00;Campazo.
3256.440;3258.440;SPEAKER_00;Tengo muchas ganas de ir.
3258.440;3260.440;SPEAKER_00;El Baracaldo tiene una anécdota muy buena con Peñarola.
3260.480;3262.480;SPEAKER_00;¿Qué te gusta?
3262.480;3264.480;SPEAKER_00;Por la camiseta.
3264.480;3266.480;SPEAKER_00;Ay, qué bostezo.
3266.480;3268.480;SPEAKER_00;Están hermanados.
3268.480;3270.480;SPEAKER_02;Tienen una historia de que creo que...
3270.480;3272.480;SPEAKER_02;Todo el rato.
3272.480;3274.480;SPEAKER_02;No te lo tomes como algo personal.
3274.480;3276.480;SPEAKER_03;No, es brutal.
3276.480;3278.480;SPEAKER_02;Hay veces que me aburre si no bostezo.
3278.480;3280.480;SPEAKER_03;Es brutal la gente en el chat de YouTube diciendo
3280.480;3282.480;SPEAKER_03;Joder, vaya noche, te llevan a agua el Miranda.
3282.480;3284.480;SPEAKER_03;Y pilles el día que...
3284.480;3286.480;SPEAKER_03;Esto tiene que ser algo médico, seguro.
3286.480;3288.480;SPEAKER_03;Pilles el día que pilles agua el Miranda.
3288.520;3290.520;SPEAKER_03;A la hora que sea...
3290.520;3292.520;SPEAKER_03;Es un oso hormiguero después de...
3292.520;3294.520;SPEAKER_03;Bueno, no es hormiguero, no.
3294.520;3296.520;SPEAKER_03;Un oso después de hibernar, tío.
3296.520;3298.520;SPEAKER_03;Es una cosa loquísima.
3298.520;3300.520;SPEAKER_03;Pero ¿te has mirado esto alguna vez?
3300.520;3302.520;SPEAKER_02;Pero, es que son bostezos.
3302.520;3304.520;SPEAKER_02;O sea, es decir...
3304.520;3306.520;SPEAKER_02;No, no, pero...
3306.520;3308.520;SPEAKER_02;Puede ser hambre.
3308.520;3310.520;SPEAKER_02;No, pero siempre.
3310.520;3312.520;SPEAKER_02;He comido, sí, sí.
3312.520;3314.520;SPEAKER_02;No, pero esto me pasó.
3314.520;3316.520;SPEAKER_02;Estuve el otro día en un evento de Red Bull
3316.560;3318.560;SPEAKER_02;y me encontré un pizarrita.
3318.560;3320.560;SPEAKER_03;Y bueno, se creía que íbamos a estar ahí
3320.560;3322.560;SPEAKER_03;de fiesta hasta las 3 de la mañana.
3322.560;3324.560;SPEAKER_02;Y que... No, no, no.
3324.560;3326.560;SPEAKER_02;Que esto es una construcción social, ¿vale?
3326.560;3328.560;SPEAKER_02;Esto es...
3328.560;3330.560;SPEAKER_02;Vamos...
3330.560;3332.560;SPEAKER_02;Pues la etiqueta que se me ha colgado, pero nada.
3332.560;3334.560;SPEAKER_02;Más lejos de la realidad. Por cierto, por cierto.
3334.560;3336.560;SPEAKER_02;Hasta la 3. Now, now.
3336.560;3338.560;SPEAKER_03;Que hay fotos.
3338.560;3340.560;SPEAKER_02;Hasta las 8.
3340.560;3342.560;SPEAKER_02;Alguna vez he salido de fiesta, evidentemente.
3342.560;3344.560;SPEAKER_02;Pero parece que salgo todos los días.
3344.600;3346.600;SPEAKER_02;Ojalá.
3346.600;3348.600;SPEAKER_03;Un debate.
3348.600;3350.600;SPEAKER_02;Este amigo, pizarrita,
3350.600;3352.600;SPEAKER_02;que tiene 22 años,
3352.600;3356.600;SPEAKER_02;está quedando hace 8 meses
3356.600;3358.600;SPEAKER_02;con una chica que estaba ahí también
3358.600;3360.600;SPEAKER_02;y no se llaman novios.
3360.600;3362.600;SPEAKER_02;O sea...
3362.600;3364.600;SPEAKER_02;Tuvimos la típica conversación
3364.600;3366.600;SPEAKER_02;para romper un poco el hielo de hoy
3366.600;3368.600;SPEAKER_02;y vosotros de que os conocéis.
3368.600;3370.600;SPEAKER_02;Y ya nos miraron con cara de...
3370.600;3372.600;SPEAKER_02;Es unas preguntas...
3372.640;3374.640;SPEAKER_02;No hay que poner etiquetas.
3374.640;3376.640;SPEAKER_03;No hay que poner etiquetas.
3376.640;3378.640;SPEAKER_01;¿Por qué sois tan cobardes
3378.640;3380.640;SPEAKER_03;de no etiquetar?
3380.640;3382.640;SPEAKER_03;Ni etiquetar, ni cosas de inicio...
3382.640;3384.640;SPEAKER_03;Ay, que me van a hacer daño.
3384.640;3386.640;SPEAKER_01;Ay, que si me ilusiono me hacen daño.
3386.640;3388.640;SPEAKER_03;Yo te digo una cosa.
3388.640;3390.640;SPEAKER_03;A mí me ha pasado esto para mí.
3390.640;3392.640;SPEAKER_00;Si salimos 3 veces...
3392.640;3394.640;SPEAKER_00;Novios.
3394.640;3396.640;SPEAKER_00;... intercambiamos fluidos, no vio.
3396.640;3398.640;SPEAKER_00;No vio.
3398.640;3400.640;SPEAKER_01;Entonces, ¿cuánto me habías seguido, Alex?
3400.680;3402.680;SPEAKER_01;¿Cuánto me habías seguido, Alex?
3402.680;3404.680;SPEAKER_00;Lo que pasa es que
3404.680;3406.680;SPEAKER_00;las generaciones de ahora...
3406.680;3408.680;SPEAKER_00;Cobardes.
3408.680;3410.680;SPEAKER_00;Cobardes.
3410.680;3412.680;SPEAKER_00;Dicen... No, comí algo. ¿Comí algo qué?
3412.680;3414.680;SPEAKER_00;¿Cómo comí algo? Dicase algo.
3414.680;3416.680;SPEAKER_00;No, dí casi algo tal.
3416.680;3418.680;SPEAKER_00;Estamos en una situation.
3418.680;3420.680;SPEAKER_00;¿Qué dices?
3420.680;3422.680;SPEAKER_00;Estás saliendo con alguien y ya estás.
3422.680;3424.680;SPEAKER_00;Lo que pasa es que la palabra novio...
3424.680;3426.680;SPEAKER_02;Está falado.
3426.680;3428.680;SPEAKER_02;Acabo de falar con él.
3428.720;3430.720;SPEAKER_02;No es super fake. No me lo creo nunca cuando se enfada.
3430.720;3432.720;SPEAKER_02;Me pasa como cuando veo a Miro.
3432.720;3434.720;SPEAKER_02;Alex no se enfada.
3434.720;3436.720;SPEAKER_03;Alex tiene dos estados.
3436.720;3438.720;SPEAKER_03;El habitual, que es...
3440.720;3442.720;SPEAKER_03;Alex, vale.
3442.720;3444.720;SPEAKER_03;Y triste.
3444.720;3446.720;SPEAKER_03;No se cabrea.
3446.720;3448.720;SPEAKER_03;Es un tío... De verdad, no se cabrea.
3448.720;3450.720;SPEAKER_03;No está triste.
3450.720;3452.720;SPEAKER_03;Sí, es un poquito...
3452.720;3454.720;SPEAKER_03;Le ves que se va haciendo bicho-bola.
3454.720;3456.720;SPEAKER_00;Pero no se enfada.
3456.760;3458.760;SPEAKER_00;Un tío me ha dicho que no se hablar alemán.
3458.760;3460.760;SPEAKER_00;Me ha jodido porque...
3460.760;3462.760;SPEAKER_00;Yo sé hablar alemán.
3462.760;3464.760;SPEAKER_00;Pero sí, que nada.
3464.760;3466.760;SPEAKER_00;Que no tenga el miedo a llamar novio.
3466.760;3468.760;SPEAKER_00;Lo que pasa es que creo que la palabra novio
3468.760;3470.760;SPEAKER_00;ha cogido un cariño.
3470.760;3472.760;SPEAKER_00;Que es...
3472.760;3474.760;SPEAKER_00;Como que la gente lo interpreta como...
3474.760;3476.760;SPEAKER_00;Ya hay que vivir juntos.
3476.760;3478.760;SPEAKER_00;Alex, ¿qué opinas de...
3478.760;3480.760;SPEAKER_03;Pero es que no puede decir
3480.760;3482.760;SPEAKER_03;mi novio porque no es tuyo.
3482.760;3484.760;SPEAKER_00;Vete a tomar por culo.
3484.800;3486.800;SPEAKER_03;Nos van a cancelar un día.
3486.800;3488.800;SPEAKER_00;Bueno, nosotros...
3488.800;3490.800;SPEAKER_00;Estás de acuerdo, Nao,
3490.800;3492.800;SPEAKER_03;con todo esto.
3492.800;3494.800;SPEAKER_03;Yo estaba hablando de Tallón.
3494.800;3496.800;SPEAKER_03;Yo siempre a tope
3496.800;3498.800;SPEAKER_00;con vuestras opiniones impopulares.
3498.800;3500.800;SPEAKER_02;Yo no.
3500.800;3502.800;SPEAKER_02;Chicos, chicos,
3502.800;3504.800;SPEAKER_02;¿y si Eta y yo
3504.800;3506.800;SPEAKER_00;es el delantero sorpresa
3506.800;3508.800;SPEAKER_00;de la convocatoria de Luis de la Fuente?
3508.800;3510.800;SPEAKER_00;No, pero no puede.
3510.800;3512.800;SPEAKER_00;Creo que no.
3512.840;3514.840;SPEAKER_03;No ha debutado con Camerún.
3514.840;3516.840;SPEAKER_00;Ya, pero no.
3516.840;3518.840;SPEAKER_00;Pero no tiene...
3518.840;3520.840;SPEAKER_03;Yo...
3520.840;3522.840;SPEAKER_03;Fichar, no.
3522.840;3524.840;SPEAKER_03;No me gusta.
3524.840;3526.840;SPEAKER_00;Lleva tres años en España.
3526.840;3528.840;SPEAKER_00;Te digo la estrategia
3528.840;3530.840;SPEAKER_00;que se puede hacer.
3530.840;3532.840;SPEAKER_00;En contra de fichar.
3532.840;3534.840;SPEAKER_00;Vale, pero la estrategia
3534.840;3536.840;SPEAKER_00;que yo creo que se puede plantear
3536.840;3538.840;SPEAKER_00;es... Oye, Levante,
3538.840;3540.840;SPEAKER_00;¿qué malo sería
3540.880;3542.880;SPEAKER_00;que te lo quitara Camerún
3542.880;3544.880;SPEAKER_00;para la Copa de África?
3544.880;3546.880;SPEAKER_03;Como si fuese
3546.880;3548.880;SPEAKER_03;decisión del Levante.
3548.880;3550.880;SPEAKER_00;Bueno, pero el Levante
3550.880;3552.880;SPEAKER_00;puede decir la detallón.
3552.880;3554.880;SPEAKER_00;Mira, España...
3554.880;3556.880;SPEAKER_02;Bueno, hay...
3556.880;3558.880;SPEAKER_02;Lo que no se sabe
3558.880;3560.880;SPEAKER_02;es que esta es buena, ahora que caigo.
3560.880;3562.880;SPEAKER_02;Cuando España estaba buscando fichar un central...
3562.880;3564.880;SPEAKER_02;Es fichar, es fichar.
3564.880;3566.880;SPEAKER_03;...el primero
3566.880;3568.880;SPEAKER_02;no fue ni robarle Normand
3568.920;3570.920;SPEAKER_02;ni a Amerik Laporte.
3570.920;3572.920;SPEAKER_02;Jugó en el Atlético, ¿no?
3572.920;3574.920;SPEAKER_02;Y ahí donde...
3574.920;3576.920;SPEAKER_02;¿Tienes tú la camiseta también?
3576.920;3578.920;SPEAKER_02;¿Con dos via?
3578.920;3580.920;SPEAKER_00;No, Gabriel Paulista.
3580.920;3582.920;SPEAKER_02;Ah, la de Gabriel.
3582.920;3584.920;SPEAKER_02;Y el Covid frenó
3584.920;3586.920;SPEAKER_02;el tema de los trámites para hacer eso.
3586.920;3588.920;SPEAKER_02;Se acabó sacando el pasaporte, pero claro,
3588.920;3590.920;SPEAKER_02;ya Gabriel Paulista
3590.920;3592.920;SPEAKER_02;ya un poquito más crepuscular.
3592.920;3594.920;SPEAKER_03;Es difícil saber
3594.920;3596.920;SPEAKER_03;dónde pones el límite, pero a mí lo de Laporte...
3596.960;3598.960;SPEAKER_03;Lo de Laporte
3598.960;3600.960;SPEAKER_03;me pareció...
3600.960;3602.960;SPEAKER_03;Laporte llega a Bilbao
3602.960;3604.960;SPEAKER_03;con 15 años.
3604.960;3606.960;SPEAKER_00;Muy al palo, eh.
3606.960;3608.960;SPEAKER_03;Sí, pero veo más eso
3608.960;3610.960;SPEAKER_03;que lo de
3610.960;3612.960;SPEAKER_03;de Normand es fichar...
3612.960;3614.960;SPEAKER_03;En baloncesto está mucho más a la orden del día
3614.960;3616.960;SPEAKER_03;y lo hemos visto con Lorenzo Brown,
3616.960;3618.960;SPEAKER_03;ya lo sabía, se especulaba.
3618.960;3620.960;SPEAKER_00;¿Qué necesita la sección?
3620.960;3622.960;SPEAKER_03;Asume, macho,
3622.960;3624.960;SPEAKER_03;que no tienes. Asúmelo.
3625.000;3627.000;SPEAKER_03;Si decides jugar contigo, tope con él.
3627.000;3629.000;SPEAKER_03;Bueno, hay gente que ficha pelo también.
3629.000;3631.000;SPEAKER_02;Y no asumen que no tiene.
3633.000;3635.000;SPEAKER_03;Bueno,
3635.000;3637.000;SPEAKER_03;pero cada uno con sus cosas
3637.000;3639.000;SPEAKER_03;y para adelante, ya está, no pasa nada.
3639.000;3641.000;SPEAKER_03;No me vas a encontrar porque
3641.000;3643.000;SPEAKER_03;una propuesta de 2025-2026
3643.000;3645.000;SPEAKER_03;es no dejar de ser calvofo
3645.000;3647.000;SPEAKER_03;porque era algo que quería corregir.
3647.000;3649.000;SPEAKER_02;Muy deconstruido, eh.
3649.000;3651.000;SPEAKER_02;Muy bien.
3651.000;3653.000;SPEAKER_02;Un hombre muy 20, 30.
3653.040;3655.040;SPEAKER_02;Hablando de...
3655.040;3657.040;SPEAKER_00;Me nota quién te paga, Miguel,
3657.040;3659.040;SPEAKER_00;se nota quién te paga.
3659.040;3661.040;SPEAKER_03;Hablando...
3661.040;3663.040;SPEAKER_03;Ningún calvo, creo.
3663.040;3665.040;SPEAKER_00;Hablando de la deconstrucción...
3665.040;3667.040;SPEAKER_03;La verdad es que cobro de tantos sitios
3667.040;3669.040;SPEAKER_03;que algún calvo tiene que haber.
3669.040;3671.040;SPEAKER_03;Hablando de la deconstrucción,
3671.040;3673.040;SPEAKER_03;Barrowcliff18.
3673.040;3675.040;SPEAKER_03;Todo este cunaganey ha sido para esta pregunta,
3675.040;3677.040;SPEAKER_03;¿vale?
3677.040;3679.040;SPEAKER_03;¿Qué atributo futbolístico vuestro
3679.040;3681.040;SPEAKER_03;que es verdad que aquí hay que buscar mucho
3681.080;3683.080;SPEAKER_03;en algunos casos?
3683.080;3685.080;SPEAKER_03;Pero ¿qué atributo futbolístico vuestro
3685.080;3687.080;SPEAKER_03;creéis que le podríais poner
3687.080;3689.080;SPEAKER_03;a un jugador de la Liga
3689.080;3691.080;SPEAKER_03;y que se tarde más en notar?
3691.080;3693.080;SPEAKER_03;Es decir, por ejemplo,
3693.080;3695.080;SPEAKER_03;la estirada de Nahuel a Adrián Sanmiguel.
3695.080;3697.080;SPEAKER_03;Lo que está proponiendo es que
3697.080;3699.080;SPEAKER_03;por ejemplo,
3699.080;3701.080;SPEAKER_03;le demos la zurda a un diestro
3701.080;3703.080;SPEAKER_03;y que la gente no se dé cuenta.
3703.080;3705.080;SPEAKER_00;O sea, un space jump, no?
3705.080;3707.080;SPEAKER_00;En cierta manera, pero negativo.
3707.080;3709.080;SPEAKER_03;Claro, esto es un Pablo Adrián Sanmiguel
3709.120;3711.120;SPEAKER_03;que no se estira.
3711.120;3713.120;SPEAKER_03;Si poner la estirada de Nahuel
3713.120;3715.120;SPEAKER_03;pues tampoco...
3715.120;3717.120;SPEAKER_03;Me parece increíble la pregunta.
3717.120;3719.120;SPEAKER_00;Yo la tengo.
3719.120;3721.120;SPEAKER_00;La devolución de primeras
3723.120;3725.120;SPEAKER_00;a Marvin Sanady.
3729.120;3731.120;SPEAKER_03;El primer control, ¿eh?
3731.120;3733.120;SPEAKER_00;Siendo marvanista yo,
3733.120;3735.120;SPEAKER_00;que me parece un rey en Dadriano
3735.120;3737.120;SPEAKER_00;si conseguía y tal.
3737.160;3739.160;SPEAKER_00;Pero yo, además,
3739.160;3741.160;SPEAKER_00;en la última etapa jugando al fútbol
3741.160;3743.160;SPEAKER_00;ya no juego porque me da miedo lesionarme
3743.160;3745.160;SPEAKER_00;y porque se me da fatal y me cabreo.
3747.160;3749.160;SPEAKER_00;Mi capacidad para aportar
3749.160;3751.160;SPEAKER_00;era devolviéndola de primeras
3751.160;3753.160;SPEAKER_00;jugando de espaldas.
3753.160;3755.160;SPEAKER_01;Soy difícil de rodear.
3759.160;3761.160;SPEAKER_02;Es que,
3761.160;3763.160;SPEAKER_02;intentando acordarme,
3763.160;3765.160;SPEAKER_02;hablamos de un extremo
3765.200;3767.200;SPEAKER_02;que era muy diestro
3767.200;3769.200;SPEAKER_02;o muy zurdo.
3769.200;3771.200;SPEAKER_02;Entonces, a ese darle la mala.
3771.200;3773.200;SPEAKER_02;Claro.
3773.200;3775.200;SPEAKER_03;Pero no recuerdo con quién lo dijimos
3775.200;3777.200;SPEAKER_02;que era un caso...
3777.200;3779.200;SPEAKER_02;Pasa mucho con Brien Hill.
3779.200;3781.200;SPEAKER_02;Sí.
3781.200;3783.200;SPEAKER_02;Sí, sí.
3783.200;3785.200;SPEAKER_02;A Brien Hill le daría mi pie derecho.
3785.200;3787.200;SPEAKER_00;A cuál es mal izquierdo, ¿no?
3789.200;3791.200;SPEAKER_03;Yo le daría a...
3791.200;3793.200;SPEAKER_03;Esa es fácil.
3793.240;3795.240;SPEAKER_03;La verdad.
3795.240;3797.240;SPEAKER_03;Yo le doy mi definición
3797.240;3799.240;SPEAKER_03;de cara a puerta a John Guridi.
3801.240;3803.240;SPEAKER_02;Ostras.
3803.240;3805.240;SPEAKER_02;Has ido a hacer daño.
3805.240;3807.240;SPEAKER_02;A ver, realmente, no sé si la podrías dar a...
3807.240;3809.240;SPEAKER_02;A César Tárrega.
3809.240;3811.240;SPEAKER_03;Claro.
3811.240;3813.240;SPEAKER_03;Es verdad.
3813.240;3815.240;SPEAKER_03;Mi regate a César Tárrega.
3815.240;3817.240;SPEAKER_02;Hombre.
3817.240;3819.240;SPEAKER_02;Podría hacer bicicletas, ¿no?
3819.240;3821.240;SPEAKER_02;Realmente, a Adrián Sanmiguel
3821.280;3823.280;SPEAKER_02;le puedes dar unas cuantas.
3823.280;3825.280;SPEAKER_02;Claro.
3825.280;3827.280;SPEAKER_03;Premate de cabeza Adrián Sanmiguel.
3827.280;3829.280;SPEAKER_01;Claro.
3829.280;3831.280;SPEAKER_01;Yo le daría mi velocidad al choco de 3-4.
3831.280;3833.280;SPEAKER_??;Uuuh.
3833.280;3835.280;SPEAKER_01;Mi punta de velocidad
3835.280;3837.280;SPEAKER_02;en carrera se la daría a él.
3837.280;3839.280;SPEAKER_02;¿Quién diríais que es
3839.280;3841.280;SPEAKER_02;el jugador más tieso,
3841.280;3843.280;SPEAKER_02;en el sentido de menos flexible
3843.280;3845.280;SPEAKER_00;de primera edición?
3845.280;3847.280;SPEAKER_00;Yo os puedo decir el más lento, si lo queréis.
3847.280;3849.280;SPEAKER_03;Dale, dale, búscalo.
3849.320;3851.320;SPEAKER_00;Menos flexible.
3851.320;3853.320;SPEAKER_01;Dani Vivian.
3853.320;3855.320;SPEAKER_03;Nooo.
3855.320;3857.320;SPEAKER_03;Tárrega es menos flexible, por ejemplo.
3857.320;3859.320;SPEAKER_03;Ah, bueno, mira, Tárrega.
3859.320;3861.320;SPEAKER_02;Yo le daría mi flexibilidad a Tárrega
3861.320;3863.320;SPEAKER_02;y creo que le vendría bien.
3863.320;3865.320;SPEAKER_02;Soy un tío bastante flexible.
3865.320;3867.320;SPEAKER_02;Es la cualidad que me tiene
3867.320;3869.320;SPEAKER_02;más cerca de la élite.
3869.320;3871.320;SPEAKER_00;Pero...
3871.320;3873.320;SPEAKER_03;¿Es algo que aprovechas
3873.320;3875.320;SPEAKER_03;sobre el terreno del juego, la flexibilidad?
3875.320;3877.320;SPEAKER_00;Dentro y fuera.
3877.360;3879.360;SPEAKER_00;Si haces el dentro y fuera, precisamente.
3879.360;3881.360;SPEAKER_02;Claro.
3881.360;3883.360;SPEAKER_02;No todos tenemos los mismos talentos que tú, Miguel,
3883.360;3885.360;SPEAKER_02;pero...
3885.360;3887.360;SPEAKER_02;Nos manejamos con lo que podemos.
3887.360;3889.360;SPEAKER_00;¡Buah!
3889.360;3891.360;SPEAKER_00;Os voy a dar...
3891.360;3893.360;SPEAKER_00;Creo que el top...
3893.360;3895.360;SPEAKER_00;Top lentitud.
3895.360;3897.360;SPEAKER_00;El top 4 lentitud
3897.360;3899.360;SPEAKER_00;es muy evidente.
3899.360;3901.360;SPEAKER_00;De hecho, te diría que el top 3
3901.360;3903.360;SPEAKER_00;es súper evidente.
3903.360;3905.360;SPEAKER_00;Juegadores que en velocidad máxima no han pasado
3905.400;3907.400;SPEAKER_00;más de los 28 km por hora.
3907.400;3909.400;SPEAKER_02;Pero...
3909.400;3911.400;SPEAKER_02;¿Juegadores cuentan?
3911.400;3913.400;SPEAKER_00;No, jugadores de campo. Parejos 1.
3913.400;3915.400;SPEAKER_00;Eso es el tercero más lento.
3915.400;3917.400;SPEAKER_00;Trejo, trejo.
3917.400;3919.400;SPEAKER_00;Pensaba que había dicho parejo.
3919.400;3921.400;SPEAKER_03;Parejo tiene la famosa anécdota
3921.400;3923.400;SPEAKER_03;en la resistencia en su día
3923.400;3925.400;SPEAKER_03;con lo de la carta del FIFA
3925.400;3927.400;SPEAKER_03;que decía...
3927.400;3929.400;SPEAKER_03;Me han puesto demasiado velocidad.
3929.400;3931.400;SPEAKER_00;A ver, es que...
3931.400;3933.400;SPEAKER_00;Claro, son datos de Sportian,
3933.440;3935.440;SPEAKER_00;que es la antigua media coach.
3935.440;3937.440;SPEAKER_00;Esto tiene un filtro
3937.440;3939.440;SPEAKER_00;de que tienes que haber disputado
3939.440;3941.440;SPEAKER_00;una media de 40 minutos para contar.
3941.440;3943.440;SPEAKER_00;Por eso el trejo no salía.
3943.440;3945.440;SPEAKER_00;Trejo tiene 26,8 km por hora.
3945.440;3947.440;SPEAKER_00;Vale, los nombres son...
3949.440;3951.440;SPEAKER_00;Parejo, el tercero más lento.
3951.440;3953.440;SPEAKER_00;28,40 km por hora,
3953.440;3955.440;SPEAKER_00;velocidad máxima.
3955.440;3957.440;SPEAKER_00;Ruiz de Galarreta,
3957.440;3959.440;SPEAKER_00;segundo más lento.
3959.440;3961.440;SPEAKER_00;28,17 y el más lento es...
3961.480;3963.480;SPEAKER_00;Ya lo sabéis,
3963.480;3965.480;SPEAKER_00;ya os lo imagináis.
3965.480;3967.480;SPEAKER_00;Jorge Resorrección Coque.
3967.480;3969.480;SPEAKER_00;Ah, bueno, sí.
3969.480;3971.480;SPEAKER_00;Es que sí.
3971.480;3973.480;SPEAKER_03;Has dicho tres perfiles
3973.480;3975.480;SPEAKER_03;que son de un jugador similar,
3975.480;3977.480;SPEAKER_00;veteranos...
3977.480;3979.480;SPEAKER_00;Y el cuarto Surco.
3979.480;3981.480;SPEAKER_03;Y que además
3981.480;3983.480;SPEAKER_03;tampoco tiene grandes esfuerzos.
3983.480;3985.480;SPEAKER_03;Surco lo que deja Miguel Quintana.
3985.480;3987.480;SPEAKER_00;Se ha quedado
3987.480;3989.480;SPEAKER_00;una vuelve mirando traumatizado.
3989.520;3991.520;SPEAKER_00;No, es que te digo una cosa, Miguel.
3991.520;3993.520;SPEAKER_00;Nos llega por aquí...
3993.520;3995.520;SPEAKER_00;Es el niño de...
3995.520;3997.520;SPEAKER_01;El niño del bosque.
3997.520;3999.520;SPEAKER_02;¿En el avión pagas un billete o dos?
3999.520;4001.520;SPEAKER_02;Eh...
4001.520;4003.520;SPEAKER_03;Tengo...
4003.520;4005.520;SPEAKER_03;Hugo no existe.
4005.520;4007.520;SPEAKER_02;Hugo no existe.
4007.520;4009.520;SPEAKER_03;Es una prolongación.
4009.520;4011.520;SPEAKER_02;Claro, cambiar a Hugo
4011.520;4013.520;SPEAKER_02;y cambiar a Miguel en el fondo es lo mismo, ¿no?
4013.520;4015.520;SPEAKER_03;Una derivada
4015.520;4017.520;SPEAKER_03;de la pregunta que nos ha hecho
4017.560;4019.560;SPEAKER_03;Clif, ¿vale?
4019.560;4021.560;SPEAKER_03;¡Imaginadlo, Miguelito!
4021.560;4023.560;SPEAKER_02;Miguelito de la roda.
4025.560;4027.560;SPEAKER_02;Por favor.
4027.560;4029.560;SPEAKER_02;En vez de el jugador peruano, Miguel Trauco
4029.560;4031.560;SPEAKER_02;es Miguel Trauco, ¿eh?
4035.560;4037.560;SPEAKER_02;Suficiente.
4037.560;4039.560;SPEAKER_02;¿Te das de comer aparte?
4047.560;4049.560;SPEAKER_??;No, no.
4049.560;4051.560;SPEAKER_??;No, no.
4051.560;4053.560;SPEAKER_??;No, no.
4053.560;4055.560;SPEAKER_??;No, no.
4055.560;4057.560;SPEAKER_??;No, no.
4057.560;4059.560;SPEAKER_??;No, no.
4059.560;4061.560;SPEAKER_??;No, no.
4061.560;4063.560;SPEAKER_??;No, no.
4063.560;4065.560;SPEAKER_??;No, no.
4065.560;4067.560;SPEAKER_??;No, no.
4067.560;4069.560;SPEAKER_??;No, no.
4069.560;4071.560;SPEAKER_??;No, no.
4071.560;4073.560;SPEAKER_??;No, no.
4073.560;4075.560;SPEAKER_??;No, no.
